,ac_power,dc_power,sensor_irradiation,module_temperature,sensor_temperature,ghi,direct_radiation,dhi,dni,openmeteo_temperature,humidity,cloud,wind_speed_10m,cos_zenith,solar_elevation_deg
ac_power,1.0,0.9999966506200946,0.7808510606424094,0.7496042343692927,0.5633240663904522,0.7467299088060441,0.6968398890503457,0.6868987916726706,0.712718829599587,0.5398645794712218,-0.4640600238938758,-0.06993613280863835,0.005416385418880908,0.7645045327278199,0.7181134661930535
dc_power,0.9999966506200946,1.0,0.7809776682186569,0.7496761720844237,0.5632322569051431,0.7467507502455931,0.6971426844090477,0.6863580017575881,0.7127201158870103,0.5398366967708798,-0.46400144484934425,-0.07029612242265669,0.005133290408947718,0.7641737579834453,0.7178164570236741
sensor_irradiation,0.7808510606424094,0.7809776682186569,1.0,0.9470570835877306,0.6719984619738417,0.9375628912973006,0.9079795532113403,0.7971137657756623,0.8869039474791492,0.6480330140729219,-0.5577871940889105,-0.1212961463731895,0.024629972188248014,0.9174098467688466,0.8580718476103731
module_temperature,0.7496042343692927,0.7496761720844237,0.9470570835877306,1.0,0.8489761208839361,0.9268720228803661,0.9032050983727474,0.7769987934362224,0.8902206806653576,0.798788570750387,-0.7106956754368077,-0.1668049168170413,-0.08690559758629914,0.8855824527693186,0.841510988290295
sensor_temperature,0.5633240663904522,0.5632322569051431,0.6719984619738417,0.8489761208839361,1.0,0.7041040802307819,0.6863118411636909,0.589883408470654,0.7036350840867097,0.9236761813252239,-0.8693172921905038,-0.2520031383271352,-0.23692571041970786,0.64546195425582,0.6410665300310776
ghi,0.7467299088060441,0.7467507502455931,0.9375628912973006,0.9268720228803661,0.7041040802307819,1.0,0.9652807932717155,0.8564539674934692,0.9360654968323062,0.728760012221534,-0.6305468077041161,-0.09967279919673389,0.029474295254485694,0.9478349014714079,0.8909810818038414
direct_radiation,0.6968398890503457,0.6971426844090477,0.9079795532113403,0.9032050983727474,0.6863118411636909,0.9652807932717155,1.0,0.6918735516747498,0.961280740166389,0.7146663460997584,-0.6115810892895155,-0.19261466478581396,-0.062233357176804754,0.8514821154511547,0.7951049567701987
dhi,0.6868987916726706,0.6863580017575881,0.7971137657756623,0.7769987934362224,0.589883408470654,0.8564539674934692,0.6918735516747498,1.0,0.6876387094419342,0.6019990654033701,-0.5342511018295081,0.10514951809489734,0.20445770500594976,0.9371591674012113,0.89142543564507
dni,0.712718829599587,0.7127201158870103,0.8869039474791492,0.8902206806653576,0.7036350840867097,0.9360654968323062,0.961280740166389,0.6876387094419342,1.0,0.7261799206743464,-0.6294078394225517,-0.21487609120736428,-0.07852513503063759,0.8414122933479333,0.8084364191228973
openmeteo_temperature,0.5398645794712218,0.5398366967708798,0.6480330140729219,0.798788570750387,0.9236761813252239,0.728760012221534,0.7146663460997584,0.6019990654033701,0.7261799206743464,1.0,-0.9559070329921342,-0.2388811749864409,-0.2368241794154574,0.6501065903813321,0.6385741354988327
humidity,-0.4640600238938758,-0.46400144484934425,-0.5577871940889105,-0.7106956754368077,-0.8693172921905038,-0.6305468077041161,-0.6115810892895155,-0.5342511018295081,-0.6294078394225517,-0.9559070329921342,1.0,0.20507407223825724,0.19363737499888337,-0.5612928641878098,-0.552079297460427
cloud,-0.06993613280863835,-0.07029612242265669,-0.1212961463731895,-0.1668049168170413,-0.2520031383271352,-0.09967279919673389,-0.19261466478581396,0.10514951809489734,-0.21487609120736428,-0.2388811749864409,0.20507407223825724,1.0,0.29353830619026205,-0.015358925066495723,-0.015858398308133428
wind_speed_10m,0.005416385418880908,0.005133290408947718,0.024629972188248014,-0.08690559758629914,-0.23692571041970786,0.029474295254485694,-0.062233357176804754,0.20445770500594976,-0.07852513503063759,-0.2368241794154574,0.19363737499888337,0.29353830619026205,1.0,0.10494445806774123,0.054928387332145716
cos_zenith,0.7645045327278199,0.7641737579834453,0.9174098467688466,0.8855824527693186,0.64546195425582,0.9478349014714079,0.8514821154511547,0.9371591674012113,0.8414122933479333,0.6501065903813321,-0.5612928641878098,-0.015358925066495723,0.10494445806774123,1.0,0.946928059261699
solar_elevation_deg,0.7181134661930535,0.7178164570236741,0.8580718476103731,0.841510988290295,0.6410665300310776,0.8909810818038414,0.7951049567701987,0.89142543564507,0.8084364191228973,0.6385741354988327,-0.552079297460427,-0.015858398308133428,0.054928387332145716,0.946928059261699,1.0
