time,actual_ac_power,pred_persistence_(24h_lag),pred_diurnal_hourly_mean,pred_linear_regression,pred_ridge_regression
2020-06-11 00:00:00,0.0,0.0,0.0,0.0,0.0
2020-06-11 01:00:00,0.0,0.0,0.0,0.0,0.0
2020-06-11 02:00:00,0.0,0.0,0.0,0.0,0.0
2020-06-11 03:00:00,0.0,0.0,0.0,0.0,0.0
2020-06-11 04:00:00,0.0,0.0,0.0,0.0,0.0
2020-06-11 05:00:00,0.0,0.0,0.0,0.0,0.0
2020-06-11 06:00:00,367.9713095238095,803.9541666666667,1205.0044047619047,1074.5979515737313,1270.5722064546644
2020-06-11 07:00:00,2674.8191666666667,3329.752857142857,5037.160718694886,3568.759905428998,3159.5731239757934
2020-06-11 08:00:00,4647.105833333333,11593.880714285717,10856.759135802467,7648.351820366197,7058.45937623999
2020-06-11 09:00:00,8801.702857142856,13983.386071428573,14401.814407136073,10003.907345219637,9553.416565301522
2020-06-11 10:00:00,10854.567023809524,15223.930714285714,13667.25134920635,12346.033409669808,12063.756243591868
2020-06-11 11:00:00,14306.992142857143,5190.610595238095,13086.245895061727,10755.292413037208,10264.597464516068
2020-06-11 12:00:00,6109.242564102564,13710.692261904762,13926.754902998235,13437.747173885207,14007.902177598015
2020-06-11 13:00:00,11569.175595238095,11415.720357142858,13178.513387939222,9028.175458896356,9478.610269743149
2020-06-11 14:00:00,8669.365952380953,6201.667976190476,13594.220864649755,9830.567339239999,9473.561846334029
2020-06-11 15:00:00,9270.996547619048,6026.140357142857,12403.317354497356,8481.990633342588,7862.552076802215
2020-06-11 16:00:00,4069.519523809524,7965.96380952381,8634.687338258449,8343.457356758874,7587.699599605252
2020-06-11 17:00:00,2017.7342857142855,781.0375865800866,3832.1457970835745,3623.633122625968,2638.405413367378
2020-06-11 18:00:00,602.7627380952381,44.865,589.4409038800706,1498.0627826715258,961.8507613675692
2020-06-11 19:00:00,0.0,0.0,0.0,0.0,0.0
2020-06-11 20:00:00,0.0,0.0,0.0,0.0,0.0
2020-06-11 21:00:00,0.0,0.0,0.0,0.0,0.0
2020-06-11 22:00:00,0.0,0.0,0.0,0.0,0.0
2020-06-11 23:00:00,0.0,0.0,0.0,0.0,0.0
2020-06-12 00:00:00,0.0,0.0,0.0,0.0,0.0
2020-06-12 01:00:00,0.0,0.0,0.0,0.0,0.0
2020-06-12 02:00:00,0.0,0.0,0.0,0.0,0.0
2020-06-12 03:00:00,0.0,0.0,0.0,0.0,0.0
2020-06-12 04:00:00,0.0,0.0,0.0,0.0,0.0
2020-06-12 05:00:00,0.0,0.0,0.0,0.0,0.0
2020-06-12 06:00:00,873.2069047619048,367.9713095238095,1205.0044047619047,989.3525091767142,1196.3374962758735
2020-06-12 07:00:00,4065.9532142857142,2674.8191666666667,5037.160718694886,3652.816106224053,3233.530484354921
2020-06-12 08:00:00,5239.762023809524,4647.105833333333,10856.759135802467,7017.079085519017,6026.981559395989
2020-06-12 09:00:00,10115.701309523807,8801.702857142856,14401.814407136073,9294.990775014536,8046.400987767545
2020-06-12 10:00:00,6338.714523809524,10854.567023809524,13667.25134920635,12397.809546942886,11334.905033521416
2020-06-12 11:00:00,14232.81761904762,14306.992142857143,13086.245895061727,11426.29316521197,10909.851845148794
2020-06-12 12:00:00,12399.555238095238,6109.242564102564,13926.754902998235,12887.329696224038,12546.1137284102
2020-06-12 13:00:00,9817.835,11569.175595238095,13178.513387939222,12510.672866291421,12182.781955427668
2020-06-12 14:00:00,12759.155119047618,8669.365952380953,13594.220864649755,10267.639805795729,9775.96432432974
2020-06-12 15:00:00,13257.104880952382,9270.996547619048,12403.317354497356,11410.268975406332,10734.331151104227
2020-06-12 16:00:00,6407.2155952380945,4069.519523809524,8634.687338258449,9413.177876910519,8666.309924888561
2020-06-12 17:00:00,4188.044761904762,2017.7342857142855,3832.1457970835745,4622.381611671306,4205.435614811827
2020-06-12 18:00:00,1031.188571428571,602.7627380952381,589.4409038800706,1811.025984686843,1643.5435083646735
2020-06-12 19:00:00,0.0,0.0,0.0,0.0,0.0
2020-06-12 20:00:00,0.0,0.0,0.0,0.0,0.0
2020-06-12 21:00:00,0.0,0.0,0.0,0.0,0.0
2020-06-12 22:00:00,0.0,0.0,0.0,0.0,0.0
2020-06-12 23:00:00,0.0,0.0,0.0,0.0,0.0
2020-06-13 00:00:00,0.0,0.0,0.0,0.0,0.0
2020-06-13 01:00:00,0.0,0.0,0.0,0.0,0.0
2020-06-13 02:00:00,0.0,0.0,0.0,0.0,0.0
2020-06-13 03:00:00,0.0,0.0,0.0,0.0,0.0
2020-06-13 04:00:00,0.0,0.0,0.0,0.0,0.0
2020-06-13 05:00:00,0.0,0.0,0.0,0.0,0.0
2020-06-13 06:00:00,1208.1483333333333,873.2069047619048,1205.0044047619047,1076.3666700838085,1406.8832088638965
2020-06-13 07:00:00,5360.836071428571,4065.9532142857142,5037.160718694886,4192.143159358413,4062.629114849592
2020-06-13 08:00:00,9294.02630952381,5239.762023809524,10856.759135802467,8243.197191442467,7550.666412961461
2020-06-13 09:00:00,10177.835833333333,10115.701309523807,14401.814407136073,12337.822055944704,11500.020323233133
2020-06-13 10:00:00,6591.455595238095,6338.714523809524,13667.25134920635,11296.161586584898,10744.360085701504
2020-06-13 11:00:00,9780.185476190476,14232.81761904762,13086.245895061727,11684.562353641977,11760.685451736077
2020-06-13 12:00:00,13343.481547619049,12399.555238095238,13926.754902998235,11590.41951783764,12135.14089362973
2020-06-13 13:00:00,11047.267261904764,9817.835,13178.513387939222,9954.550599230792,10959.339134483927
2020-06-13 14:00:00,12723.982142857143,12759.155119047618,13594.220864649755,11452.283354268387,11480.629113273866
2020-06-13 15:00:00,14329.289047619048,13257.104880952382,12403.317354497356,11691.002247925404,11450.502915882815
2020-06-13 16:00:00,10392.835952380952,6407.2155952380945,8634.687338258449,10449.349600520141,9802.927845235392
2020-06-13 17:00:00,5943.333928571428,4188.044761904762,3832.1457970835745,6319.351018231388,6104.33696868492
2020-06-13 18:00:00,1184.2635714285714,1031.188571428571,589.4409038800706,2153.8350996930426,2313.29449998887
2020-06-13 19:00:00,0.0,0.0,0.0,0.0,0.0
2020-06-13 20:00:00,0.0,0.0,0.0,0.0,0.0
2020-06-13 21:00:00,0.0,0.0,0.0,0.0,0.0
2020-06-13 22:00:00,0.0,0.0,0.0,0.0,0.0
2020-06-13 23:00:00,0.0,0.0,0.0,0.0,0.0
2020-06-14 00:00:00,0.0,0.0,0.0,0.0,0.0
2020-06-14 01:00:00,0.0,0.0,0.0,0.0,0.0
2020-06-14 02:00:00,0.0,0.0,0.0,0.0,0.0
2020-06-14 03:00:00,0.0,0.0,0.0,0.0,0.0
2020-06-14 04:00:00,0.0,0.0,0.0,0.0,0.0
2020-06-14 05:00:00,0.0,0.0,0.0,0.0,0.0
2020-06-14 06:00:00,1706.0813095238095,1208.1483333333333,1205.0044047619047,1169.4741657016511,1466.7526740421908
2020-06-14 07:00:00,7302.563571428571,5360.836071428571,5037.160718694886,4640.389871260912,4465.72423110793
2020-06-14 08:00:00,9643.02988095238,9294.02630952381,10856.759135802467,9050.17678007418,8629.390655753698
2020-06-14 09:00:00,11956.565833333334,10177.835833333333,14401.814407136073,11805.46327073764,11247.855095133342
2020-06-14 10:00:00,12717.70369047619,6591.455595238095,13667.25134920635,12296.941745456865,11660.954094519722
2020-06-14 11:00:00,13152.4175,9780.185476190476,13086.245895061727,12142.368303961663,12158.94428083241
2020-06-14 12:00:00,15085.966666666667,13343.481547619049,13926.754902998235,14900.644453151173,14731.94002162047
2020-06-14 13:00:00,13589.055714285714,11047.267261904764,13178.513387939222,13896.171367591585,13976.547948015806
2020-06-14 14:00:00,12966.025952380953,12723.982142857143,13594.220864649755,11735.164558352686,12171.041630821626
2020-06-14 15:00:00,12149.391428571427,14329.289047619048,12403.317354497356,10868.559930251413,11104.158193973963
2020-06-14 16:00:00,8173.531190476191,10392.835952380952,8634.687338258449,9222.207887296023,9276.731700294866
2020-06-14 17:00:00,4343.863095238095,5943.333928571428,3832.1457970835745,5584.976060886893,5567.303032528355
2020-06-14 18:00:00,982.1799999999998,1184.2635714285714,589.4409038800706,1674.6654945728642,1799.2703317763749
2020-06-14 19:00:00,0.0,0.0,0.0,0.0,0.0
2020-06-14 20:00:00,0.0,0.0,0.0,0.0,0.0
2020-06-14 21:00:00,0.0,0.0,0.0,0.0,0.0
2020-06-14 22:00:00,0.0,0.0,0.0,0.0,0.0
2020-06-14 23:00:00,0.0,0.0,0.0,0.0,0.0
2020-06-15 00:00:00,0.0,0.0,0.0,0.0,0.0
2020-06-15 01:00:00,0.0,0.0,0.0,0.0,0.0
2020-06-15 02:00:00,0.0,0.0,0.0,0.0,0.0
2020-06-15 03:00:00,0.0,0.0,0.0,0.0,0.0
2020-06-15 04:00:00,0.0,0.0,0.0,0.0,0.0
2020-06-15 05:00:00,0.0,0.0,0.0,0.0,0.0
2020-06-15 06:00:00,1350.4188095238096,1706.0813095238095,1205.0044047619047,1250.2597259698732,1584.6243751480656
2020-06-15 07:00:00,5866.0388095238095,7302.563571428571,5037.160718694886,5009.244258557423,4927.543750506031
2020-06-15 08:00:00,12957.181071428571,9643.02988095238,10856.759135802467,9191.092894944442,8646.028499580918
2020-06-15 09:00:00,9538.62357142857,11956.565833333334,14401.814407136073,13413.717808992136,12699.210328713094
2020-06-15 10:00:00,11085.936666666666,12717.70369047619,13667.25134920635,11954.836617232973,11684.067264137684
2020-06-15 11:00:00,8803.685952380953,13152.4175,13086.245895061727,12089.727436703392,12463.746668399635
2020-06-15 12:00:00,9754.252857142856,15085.966666666667,13926.754902998235,11744.33383055848,12576.690310118141
2020-06-15 13:00:00,8775.130000000001,13589.055714285714,13178.513387939222,11069.322058247632,11917.683208842776
2020-06-15 14:00:00,10746.996190476191,12966.025952380953,13594.220864649755,9782.54365738219,10468.315907632643
2020-06-15 15:00:00,9453.716428571428,12149.391428571427,12403.317354497356,9743.583688212064,9928.928783507075
2020-06-15 16:00:00,7875.884880952381,8173.531190476191,8634.687338258449,7539.410886727814,7371.593202975118
2020-06-15 17:00:00,3328.6255952380952,4343.863095238095,3832.1457970835745,5359.858185910494,5277.666300480284
2020-06-15 18:00:00,1044.040238095238,982.1799999999998,589.4409038800706,1435.229124522296,1489.7264337268934
2020-06-15 19:00:00,0.0,0.0,0.0,0.0,0.0
2020-06-15 20:00:00,0.0,0.0,0.0,0.0,0.0
2020-06-15 21:00:00,0.0,0.0,0.0,0.0,0.0
2020-06-15 22:00:00,0.0,0.0,0.0,0.0,0.0
2020-06-15 23:00:00,0.0,0.0,0.0,0.0,0.0
2020-06-16 00:00:00,0.0,0.0,0.0,0.0,0.0
2020-06-16 01:00:00,0.0,0.0,0.0,0.0,0.0
2020-06-16 02:00:00,0.0,0.0,0.0,0.0,0.0
2020-06-16 03:00:00,0.0,0.0,0.0,0.0,0.0
2020-06-16 04:00:00,0.0,0.0,0.0,0.0,0.0
2020-06-16 05:00:00,0.0,0.0,0.0,0.0,0.0
2020-06-16 06:00:00,1242.6992857142857,1350.4188095238096,1205.0044047619047,1194.9368330789239,1491.4577773661158
2020-06-16 07:00:00,4863.556190476191,5866.0388095238095,5037.160718694886,4427.233624751634,4157.06293029982
2020-06-16 08:00:00,9740.59119047619,12957.181071428571,10856.759135802467,8878.415139972782,8350.21054429187
2020-06-16 09:00:00,11670.16761904762,9538.62357142857,14401.814407136073,11689.227330152375,11036.269403792445
2020-06-16 10:00:00,15205.822738095238,11085.936666666666,13667.25134920635,13333.171072318873,12953.222013415838
2020-06-16 11:00:00,16819.03869047619,8803.685952380953,13086.245895061727,13485.391570103871,13544.599939958978
2020-06-16 12:00:00,15056.401666666668,9754.252857142856,13926.754902998235,12899.55242560868,13466.347866875036
2020-06-16 13:00:00,15500.392976190476,8775.130000000001,13178.513387939222,12110.650991752304,12616.91856551122
2020-06-16 14:00:00,7806.854285714286,10746.996190476191,13594.220864649755,12413.038970770263,12569.013308360936
2020-06-16 15:00:00,11952.617023809524,9453.716428571428,12403.317354497356,8348.247450787692,8273.262262068387
2020-06-16 16:00:00,5522.155595238095,7875.884880952381,8634.687338258449,9056.263341304591,8800.975529964879
2020-06-16 17:00:00,1939.3172619047616,3328.6255952380952,3832.1457970835745,4093.04920870146,3916.310534874061
2020-06-16 18:00:00,387.9922619047619,1044.040238095238,589.4409038800706,954.3159015277806,952.7063588836163
2020-06-16 19:00:00,0.0,0.0,0.0,0.0,0.0
2020-06-16 20:00:00,0.0,0.0,0.0,0.0,0.0
2020-06-16 21:00:00,0.0,0.0,0.0,0.0,0.0
2020-06-16 22:00:00,0.0,0.0,0.0,0.0,0.0
2020-06-16 23:00:00,0.0,0.0,0.0,0.0,0.0
2020-06-17 00:00:00,0.0,0.0,0.0,0.0,0.0
2020-06-17 01:00:00,0.0,0.0,0.0,0.0,0.0
2020-06-17 02:00:00,0.0,0.0,0.0,0.0,0.0
2020-06-17 03:00:00,0.0,0.0,0.0,0.0,0.0
2020-06-17 04:00:00,0.0,0.0,0.0,0.0,0.0
2020-06-17 05:00:00,0.0,0.0,0.0,0.0,0.0
2020-06-17 06:00:00,742.7796428571428,1242.6992857142857,1205.0044047619047,1161.478824311223,1472.7620957402487
2020-06-17 07:00:00,1974.002023809524,4863.556190476191,5037.160718694886,4014.106549107076,3728.160579928185
2020-06-17 08:00:00,4574.047023809524,9740.59119047619,10856.759135802467,7028.318436537335,6320.9255254868085
2020-06-17 09:00:00,7106.181547619047,11670.16761904762,14401.814407136073,9639.024146887765,8606.728005708252
2020-06-17 10:00:00,10649.928214285716,15205.822738095238,13667.25134920635,12024.248444117857,11231.285153893017
2020-06-17 11:00:00,12003.874285714286,16819.03869047619,13086.245895061727,14463.392218220553,14324.439264734723
2020-06-17 12:00:00,15119.965,15056.401666666668,13926.754902998235,13025.04887497962,13492.54259446765
2020-06-17 13:00:00,11820.64488095238,15500.392976190476,13178.513387939222,13791.923027343146,14275.713091021556
2020-06-17 14:00:00,10554.038928571428,7806.854285714286,13594.220864649755,9979.538990242592,9652.458861183364
2020-06-17 15:00:00,9962.74511904762,11952.617023809524,12403.317354497356,10803.785334947788,10452.845412565974
2020-06-17 16:00:00,5730.271904761905,5522.155595238095,8634.687338258449,8295.88612607983,7665.338835368913
2020-06-17 17:00:00,2259.1990476190476,1939.3172619047616,3832.1457970835745,4241.172050335045,3927.4587086023057
2020-06-17 18:00:00,611.4016666666666,387.9922619047619,589.4409038800706,908.6693363999939,886.2411211643039
2020-06-17 19:00:00,0.0,0.0,0.0,0.0,0.0
2020-06-17 20:00:00,0.0,0.0,0.0,0.0,0.0
2020-06-17 21:00:00,0.0,0.0,0.0,0.0,0.0
2020-06-17 22:00:00,0.0,0.0,0.0,0.0,0.0
2020-06-17 23:00:00,0.0,0.0,0.0,0.0,0.0
