latitude,longitude,elevation,utc_offset_seconds,timezone,timezone_abbreviation
14.376099,77.5,491.0,19800,Asia/Kolkata,GMT+5:30

time,temperature_2m (°C),relative_humidity_2m (%),cloud_cover (%),cloud_cover_low (%),cloud_cover_mid (%),cloud_cover_high (%),rain (mm),shortwave_radiation (W/m²),direct_radiation (W/m²),diffuse_radiation (W/m²),direct_normal_irradiance (W/m²),wind_speed_10m (km/h)
2020-05-15T00:00,30.0,49,15,0,11,6,0.00,0.0,0.0,0.0,0.0,10.6
2020-05-15T01:00,29.3,52,16,0,7,10,0.00,0.0,0.0,0.0,0.0,7.1
2020-05-15T02:00,28.6,55,48,0,8,44,0.00,0.0,0.0,0.0,0.0,6.6
2020-05-15T03:00,28.0,56,79,0,6,78,0.00,0.0,0.0,0.0,0.0,5.6
2020-05-15T04:00,27.4,56,61,0,4,60,0.00,0.0,0.0,0.0,0.0,3.9
2020-05-15T05:00,27.1,60,56,0,0,86,0.00,0.0,0.0,0.0,0.0,4.3
2020-05-15T06:00,27.9,60,88,0,0,88,0.00,15.0,2.0,13.0,21.9,5.8
2020-05-15T07:00,29.1,59,90,0,0,90,0.00,147.0,61.0,86.0,240.6,8.2
2020-05-15T08:00,30.7,53,90,0,0,90,0.00,364.0,221.0,143.0,460.6,7.6
2020-05-15T09:00,32.7,43,93,2,0,93,0.00,596.0,443.0,153.0,652.5,7.9
2020-05-15T10:00,34.6,35,43,0,0,43,0.00,783.0,610.0,173.0,728.6,9.4
2020-05-15T11:00,36.1,29,4,0,1,3,0.00,915.0,747.0,168.0,791.4,10.3
2020-05-15T12:00,37.3,25,8,0,8,0,0.00,963.0,788.0,175.0,794.5,11.3
2020-05-15T13:00,38.1,22,15,0,2,14,0.00,921.0,747.0,174.0,764.1,12.6
2020-05-15T14:00,38.6,20,65,0,0,65,0.00,852.0,691.0,161.0,765.8,14.3
2020-05-15T15:00,38.6,18,32,0,1,32,0.00,717.0,569.0,148.0,738.0,14.8
2020-05-15T16:00,38.1,19,36,0,1,35,0.00,504.0,371.0,133.0,625.9,15.1
2020-05-15T17:00,36.7,22,65,0,2,51,0.00,286.0,189.0,97.0,497.9,13.9
2020-05-15T18:00,35.2,25,19,0,6,14,0.00,78.0,35.0,43.0,223.2,9.7
2020-05-15T19:00,33.5,28,25,0,11,17,0.00,0.0,0.0,0.0,0.0,6.6
2020-05-15T20:00,32.9,29,58,0,17,51,0.00,0.0,0.0,0.0,0.0,5.6
2020-05-15T21:00,33.0,29,40,0,23,25,0.00,0.0,0.0,0.0,0.0,9.2
2020-05-15T22:00,32.3,32,32,0,32,0,0.00,0.0,0.0,0.0,0.0,9.2
2020-05-15T23:00,31.6,35,29,0,27,4,0.00,0.0,0.0,0.0,0.0,10.3
2020-05-16T00:00,30.7,39,25,0,16,12,0.00,0.0,0.0,0.0,0.0,11.1
2020-05-16T01:00,29.8,44,79,0,29,72,0.00,0.0,0.0,0.0,0.0,8.4
2020-05-16T02:00,29.3,48,39,0,33,8,0.00,0.0,0.0,0.0,0.0,6.1
2020-05-16T03:00,28.9,47,21,0,21,0,0.00,0.0,0.0,0.0,0.0,7.8
2020-05-16T04:00,28.4,48,25,0,20,15,0.00,0.0,0.0,0.0,0.0,6.6
2020-05-16T05:00,27.9,48,77,0,16,96,0.00,0.0,0.0,0.0,0.0,3.2
2020-05-16T06:00,28.9,47,97,0,6,97,0.00,15.0,2.0,13.0,21.8,7.2
2020-05-16T07:00,30.1,51,98,0,1,98,0.00,138.0,50.0,88.0,196.8,7.2
2020-05-16T08:00,32.0,45,98,0,1,98,0.00,354.0,203.0,151.0,422.8,5.9
2020-05-16T09:00,33.8,38,98,0,2,98,0.00,575.0,392.0,183.0,577.4,6.3
2020-05-16T10:00,35.4,33,100,0,10,100,0.00,753.0,555.0,198.0,663.0,8.3
2020-05-16T11:00,36.5,31,100,0,10,100,0.00,846.0,623.0,223.0,660.2,8.8
2020-05-16T12:00,37.6,28,98,0,18,98,0.00,896.0,655.0,241.0,660.6,8.8
2020-05-16T13:00,38.5,27,98,0,29,98,0.00,880.0,632.0,248.0,646.6,9.8
2020-05-16T14:00,38.1,26,88,0,54,76,0.00,667.0,400.0,267.0,443.4,8.3
2020-05-16T15:00,38.3,25,99,0,71,96,0.00,582.0,371.0,211.0,481.1,9.7
2020-05-16T16:00,37.2,27,100,0,78,100,0.00,308.0,157.0,151.0,264.7,10.7
2020-05-16T17:00,35.9,28,100,0,35,95,0.00,211.0,101.0,110.0,265.6,15.5
2020-05-16T18:00,35.5,29,100,0,32,99,0.00,55.0,18.0,37.0,114.6,6.1
2020-05-16T19:00,34.8,30,100,0,32,100,0.00,0.0,0.0,0.0,0.0,6.1
2020-05-16T20:00,33.1,36,100,0,81,100,0.00,0.0,0.0,0.0,0.0,4.6
2020-05-16T21:00,29.4,57,100,4,95,100,0.40,0.0,0.0,0.0,0.0,15.8
2020-05-16T22:00,28.5,59,100,0,27,100,0.00,0.0,0.0,0.0,0.0,10.4
2020-05-16T23:00,28.8,59,100,0,22,100,0.00,0.0,0.0,0.0,0.0,12.2
2020-05-17T00:00,28.4,62,100,2,20,100,0.00,0.0,0.0,0.0,0.0,12.7
2020-05-17T01:00,28.1,63,100,0,10,100,0.00,0.0,0.0,0.0,0.0,11.2
2020-05-17T02:00,27.9,65,100,1,5,100,0.00,0.0,0.0,0.0,0.0,11.2
2020-05-17T03:00,27.5,67,100,0,2,100,0.00,0.0,0.0,0.0,0.0,9.1
2020-05-17T04:00,27.3,68,100,1,3,100,0.00,0.0,0.0,0.0,0.0,7.2
2020-05-17T05:00,27.1,71,100,0,5,100,0.00,0.0,0.0,0.0,0.0,6.3
2020-05-17T06:00,27.7,68,100,0,2,100,0.00,14.0,1.0,13.0,10.9,9.7
2020-05-17T07:00,29.2,59,100,0,1,100,0.00,151.0,67.0,84.0,263.1,12.3
2020-05-17T08:00,30.9,52,100,0,9,100,0.00,356.0,225.0,131.0,468.4,11.3
2020-05-17T09:00,32.5,46,100,0,8,100,0.00,505.0,285.0,220.0,419.8,10.4
2020-05-17T10:00,34.0,41,100,0,8,100,0.00,655.0,369.0,286.0,440.9,10.1
2020-05-17T11:00,35.4,38,100,0,14,100,0.00,766.0,458.0,308.0,485.5,11.2
2020-05-17T12:00,36.5,35,100,8,16,100,0.00,808.0,569.0,239.0,574.1,11.7
2020-05-17T13:00,37.8,32,84,0,19,81,0.00,866.0,611.0,255.0,625.3,11.6
2020-05-17T14:00,35.5,41,94,0,60,91,0.90,782.0,553.0,229.0,613.1,27.9
2020-05-17T15:00,34.3,41,100,0,34,100,0.50,389.0,195.0,194.0,252.9,10.4
2020-05-17T16:00,33.1,45,100,0,77,100,0.60,293.0,123.0,170.0,207.3,4.4
2020-05-17T17:00,33.8,42,100,0,14,100,0.00,144.0,38.0,106.0,99.8,15.9
2020-05-17T18:00,31.9,47,100,0,36,100,0.00,46.0,4.0,42.0,25.4,10.8
2020-05-17T19:00,30.7,51,100,0,20,100,0.00,0.0,0.0,0.0,0.0,3.4
2020-05-17T20:00,31.0,50,100,0,45,100,0.00,0.0,0.0,0.0,0.0,8.6
2020-05-17T21:00,31.1,51,100,0,36,100,0.00,0.0,0.0,0.0,0.0,14.1
2020-05-17T22:00,30.2,50,100,0,17,100,0.00,0.0,0.0,0.0,0.0,16.6
2020-05-17T23:00,29.5,56,100,1,18,100,0.00,0.0,0.0,0.0,0.0,16.3
2020-05-18T00:00,29.1,62,100,1,22,100,0.00,0.0,0.0,0.0,0.0,13.0
2020-05-18T01:00,28.9,65,100,7,26,100,0.00,0.0,0.0,0.0,0.0,8.9
2020-05-18T02:00,28.5,67,100,13,25,100,0.00,0.0,0.0,0.0,0.0,12.8
2020-05-18T03:00,27.9,72,100,0,28,100,0.00,0.0,0.0,0.0,0.0,12.9
2020-05-18T04:00,27.5,77,100,0,26,100,0.00,0.0,0.0,0.0,0.0,14.2
2020-05-18T05:00,26.3,86,100,0,21,100,0.00,0.0,0.0,0.0,0.0,13.8
2020-05-18T06:00,26.7,82,99,0,18,99,0.00,14.0,2.0,12.0,21.6,16.3
2020-05-18T07:00,28.0,74,100,0,23,100,0.00,128.0,42.0,86.0,164.6,18.6
2020-05-18T08:00,29.9,64,93,0,37,90,0.00,293.0,134.0,159.0,278.8,18.6
2020-05-18T09:00,31.4,56,100,0,75,99,0.00,417.0,235.0,182.0,346.1,19.3
2020-05-18T10:00,31.9,53,99,0,74,99,0.00,432.0,137.0,295.0,163.8,18.4
2020-05-18T11:00,33.2,49,72,4,12,70,0.00,666.0,336.0,330.0,356.3,20.0
2020-05-18T12:00,34.8,43,100,18,4,100,0.00,840.0,617.0,223.0,622.7,22.3
2020-05-18T13:00,36.0,39,100,7,7,100,0.00,791.0,513.0,278.0,525.2,20.8
2020-05-18T14:00,35.1,40,100,0,15,100,0.40,703.0,461.0,242.0,511.1,19.3
2020-05-18T15:00,33.8,43,100,5,58,100,0.80,573.0,337.0,236.0,437.0,23.7
2020-05-18T16:00,31.2,54,100,0,18,100,0.20,229.0,64.0,165.0,107.8,11.9
2020-05-18T17:00,31.1,55,100,5,35,100,0.00,157.0,30.0,127.0,78.6,20.2
2020-05-18T18:00,31.4,51,100,2,16,100,0.00,38.0,3.0,35.0,19.0,14.4
2020-05-18T19:00,29.6,63,100,0,19,100,0.00,0.0,0.0,0.0,0.0,17.7
2020-05-18T20:00,29.5,62,100,0,48,100,0.00,0.0,0.0,0.0,0.0,20.2
2020-05-18T21:00,29.2,62,100,0,33,100,0.00,0.0,0.0,0.0,0.0,21.3
2020-05-18T22:00,28.5,66,100,0,6,100,0.00,0.0,0.0,0.0,0.0,22.8
2020-05-18T23:00,27.8,70,100,0,1,100,0.00,0.0,0.0,0.0,0.0,26.3
2020-05-19T00:00,27.3,73,100,0,4,100,0.00,0.0,0.0,0.0,0.0,24.8
2020-05-19T01:00,26.8,75,100,0,2,100,0.00,0.0,0.0,0.0,0.0,25.5
2020-05-19T02:00,26.3,78,100,0,6,100,0.00,0.0,0.0,0.0,0.0,27.1
2020-05-19T03:00,26.1,78,100,0,7,100,0.00,0.0,0.0,0.0,0.0,27.7
2020-05-19T04:00,25.8,79,100,1,20,100,0.00,0.0,0.0,0.0,0.0,25.9
2020-05-19T05:00,25.5,82,100,1,5,100,0.00,0.0,0.0,0.0,0.0,23.4
2020-05-19T06:00,26.0,79,100,2,19,100,0.00,14.0,1.0,13.0,10.8,22.3
2020-05-19T07:00,27.4,72,100,1,34,100,0.00,132.0,52.0,80.0,203.4,24.5
2020-05-19T08:00,29.0,63,100,4,18,100,0.00,292.0,149.0,143.0,309.9,25.3
2020-05-19T09:00,31.4,52,100,0,7,100,0.00,533.0,325.0,208.0,478.8,25.7
2020-05-19T10:00,33.3,43,100,0,18,100,0.00,689.0,461.0,228.0,551.2,25.3
2020-05-19T11:00,34.7,37,100,1,11,100,0.00,815.0,589.0,226.0,624.8,24.6
2020-05-19T12:00,35.7,34,100,0,10,100,0.00,805.0,532.0,273.0,537.1,23.7
2020-05-19T13:00,37.2,28,100,0,13,100,0.00,877.0,611.0,266.0,625.7,23.6
2020-05-19T14:00,37.1,26,100,0,54,100,0.00,683.0,387.0,296.0,429.2,22.9
2020-05-19T15:00,36.7,28,100,0,70,100,0.00,494.0,278.0,216.0,360.4,23.3
2020-05-19T16:00,36.0,28,100,0,49,100,0.00,326.0,149.0,177.0,250.8,21.9
2020-05-19T17:00,31.2,51,100,0,29,100,0.00,170.0,75.0,95.0,196.2,25.2
2020-05-19T18:00,31.0,51,100,0,7,100,0.00,69.0,21.0,48.0,132.7,23.2
2020-05-19T19:00,29.8,56,100,0,7,100,0.00,1.0,0.0,1.0,0.0,21.8
2020-05-19T20:00,29.4,59,100,0,0,100,0.00,0.0,0.0,0.0,0.0,24.0
2020-05-19T21:00,28.6,63,100,0,1,100,0.00,0.0,0.0,0.0,0.0,24.7
2020-05-19T22:00,28.2,67,100,0,0,100,0.00,0.0,0.0,0.0,0.0,25.8
2020-05-19T23:00,27.5,70,98,0,0,98,0.00,0.0,0.0,0.0,0.0,26.0
2020-05-20T00:00,26.8,74,99,0,0,99,0.00,0.0,0.0,0.0,0.0,25.4
2020-05-20T01:00,26.3,76,97,0,0,97,0.00,0.0,0.0,0.0,0.0,24.3
2020-05-20T02:00,25.8,76,96,0,0,96,0.00,0.0,0.0,0.0,0.0,24.9
2020-05-20T03:00,25.6,71,99,0,2,99,0.00,0.0,0.0,0.0,0.0,22.4
2020-05-20T04:00,25.3,69,98,1,1,98,0.00,0.0,0.0,0.0,0.0,21.0
2020-05-20T05:00,25.3,73,96,1,0,96,0.00,0.0,0.0,0.0,0.0,16.4
2020-05-20T06:00,25.5,72,98,3,0,98,0.00,16.0,1.0,15.0,10.8,16.7
2020-05-20T07:00,26.7,65,100,3,2,100,0.00,137.0,41.0,96.0,160.2,21.2
2020-05-20T08:00,28.3,58,100,2,6,100,0.00,301.0,122.0,179.0,253.7,22.7
2020-05-20T09:00,30.6,49,100,1,0,100,0.00,523.0,276.0,247.0,406.7,22.3
2020-05-20T10:00,32.5,44,100,0,7,100,0.00,666.0,356.0,310.0,425.8,21.6
2020-05-20T11:00,34.4,37,100,0,8,100,0.00,811.0,501.0,310.0,531.7,21.5
2020-05-20T12:00,36.1,31,100,0,2,100,0.00,893.0,573.0,320.0,578.7,20.3
2020-05-20T13:00,36.8,28,99,0,44,99,0.00,840.0,554.0,286.0,567.5,18.6
2020-05-20T14:00,36.9,27,99,0,34,99,0.00,667.0,424.0,243.0,470.3,17.2
2020-05-20T15:00,37.0,25,99,0,27,99,0.00,560.0,412.0,148.0,534.1,16.5
2020-05-20T16:00,36.6,25,99,0,43,99,0.00,364.0,238.0,126.0,400.3,17.4
2020-05-20T17:00,36.3,21,97,0,19,98,0.00,171.0,94.0,77.0,245.5,13.0
2020-05-20T18:00,34.5,25,95,0,18,94,0.00,69.0,23.0,46.0,144.9,11.6
2020-05-20T19:00,32.5,35,95,0,17,94,0.00,1.0,0.0,1.0,0.0,18.1
2020-05-20T20:00,31.5,39,97,0,16,96,0.00,0.0,0.0,0.0,0.0,20.7
2020-05-20T21:00,30.2,49,94,0,9,93,0.00,0.0,0.0,0.0,0.0,23.6
2020-05-20T22:00,28.9,57,94,0,5,94,0.00,0.0,0.0,0.0,0.0,23.1
2020-05-20T23:00,28.0,61,99,0,4,99,0.00,0.0,0.0,0.0,0.0,20.8
2020-05-21T00:00,27.2,66,99,0,3,99,0.00,0.0,0.0,0.0,0.0,19.1
2020-05-21T01:00,26.4,71,92,0,3,92,0.00,0.0,0.0,0.0,0.0,17.4
2020-05-21T02:00,25.7,73,96,0,3,96,0.00,0.0,0.0,0.0,0.0,15.9
2020-05-21T03:00,25.2,74,81,0,2,80,0.00,0.0,0.0,0.0,0.0,16.9
2020-05-21T04:00,24.8,77,93,3,2,93,0.00,0.0,0.0,0.0,0.0,18.4
2020-05-21T05:00,24.5,81,61,26,2,51,0.00,0.0,0.0,0.0,0.0,15.8
2020-05-21T06:00,25.0,78,46,7,7,40,0.00,17.0,4.0,13.0,42.9,22.2
2020-05-21T07:00,26.6,68,81,1,5,80,0.00,150.0,73.0,77.0,284.8,22.3
2020-05-21T08:00,29.2,55,76,1,1,76,0.00,378.0,259.0,119.0,538.6,20.9
2020-05-21T09:00,31.8,45,36,0,0,36,0.00,600.0,455.0,145.0,670.6,17.3
2020-05-21T10:00,34.0,39,70,0,0,70,0.00,782.0,624.0,158.0,746.6,14.8
2020-05-21T11:00,36.0,32,12,0,1,11,0.00,907.0,739.0,168.0,784.6,14.2
2020-05-21T12:00,37.4,27,44,0,42,5,0.00,958.0,787.0,171.0,795.2,12.7
2020-05-21T13:00,37.6,24,58,0,43,27,0.00,755.0,569.0,186.0,583.0,12.5
2020-05-21T14:00,37.7,23,85,0,39,76,0.00,682.0,515.0,167.0,571.3,11.2
2020-05-21T15:00,37.8,22,31,0,31,0,0.00,606.0,464.0,142.0,601.4,9.5
2020-05-21T16:00,37.5,22,51,0,51,0,0.00,415.0,297.0,118.0,499.2,11.0
2020-05-21T17:00,36.4,23,69,0,19,26,0.00,219.0,114.0,105.0,297.1,13.1
2020-05-21T18:00,34.9,27,31,0,15,19,0.00,73.0,33.0,40.0,207.4,11.2
2020-05-21T19:00,33.1,34,21,0,11,11,0.00,1.0,0.0,1.0,0.0,17.3
2020-05-21T20:00,32.4,35,23,0,7,18,0.00,0.0,0.0,0.0,0.0,16.3
2020-05-21T21:00,31.3,40,9,0,5,4,0.00,0.0,0.0,0.0,0.0,18.7
2020-05-21T22:00,30.4,47,17,0,5,13,0.00,0.0,0.0,0.0,0.0,21.3
2020-05-21T23:00,28.9,56,24,0,5,20,0.00,0.0,0.0,0.0,0.0,21.3
2020-05-22T00:00,27.7,65,17,0,6,12,0.00,0.0,0.0,0.0,0.0,22.4
2020-05-22T01:00,26.9,72,5,0,5,0,0.00,0.0,0.0,0.0,0.0,22.6
2020-05-22T02:00,26.2,77,4,0,4,0,0.00,0.0,0.0,0.0,0.0,21.3
2020-05-22T03:00,25.6,78,3,0,3,0,0.00,0.0,0.0,0.0,0.0,20.3
2020-05-22T04:00,25.1,79,4,2,3,0,0.00,0.0,0.0,0.0,0.0,19.1
2020-05-22T05:00,24.7,81,3,2,2,24,0.00,0.0,0.0,0.0,0.0,17.3
2020-05-22T06:00,25.0,78,34,2,1,33,0.00,17.0,4.0,13.0,42.9,18.4
2020-05-22T07:00,26.6,69,11,0,1,10,0.00,161.0,88.0,73.0,342.9,21.2
2020-05-22T08:00,29.2,58,26,0,0,25,0.00,384.0,270.0,114.0,561.4,19.2
2020-05-22T09:00,31.8,47,0,0,0,0,0.00,603.0,465.0,138.0,685.5,16.9
2020-05-22T10:00,33.9,40,0,0,0,0,0.00,782.0,627.0,155.0,750.5,14.6
2020-05-22T11:00,35.5,35,4,0,4,0,0.00,905.0,739.0,166.0,784.9,14.2
2020-05-22T12:00,36.8,31,25,0,25,0,0.00,940.0,771.0,169.0,779.3,12.4
2020-05-22T13:00,37.4,27,34,0,34,0,0.00,815.0,627.0,188.0,642.6,9.0
2020-05-22T14:00,37.5,24,40,0,40,0,0.00,663.0,456.0,207.0,505.9,4.6
2020-05-22T15:00,37.5,23,43,0,25,24,0.00,523.0,329.0,194.0,426.3,2.4
2020-05-22T16:00,37.4,22,51,0,28,34,0.00,405.0,283.0,122.0,475.3,3.0
2020-05-22T17:00,37.7,20,33,0,16,49,0.00,239.0,150.0,89.0,390.2,5.2
2020-05-22T18:00,35.2,25,28,0,28,0,0.00,73.0,32.0,41.0,200.6,6.5
2020-05-22T19:00,33.8,28,27,0,27,0,0.00,1.0,0.0,1.0,0.0,8.7
2020-05-22T20:00,32.5,33,17,0,14,3,0.00,0.0,0.0,0.0,0.0,13.0
2020-05-22T21:00,31.5,36,95,0,8,95,0.00,0.0,0.0,0.0,0.0,12.1
2020-05-22T22:00,30.6,38,95,0,5,95,0.00,0.0,0.0,0.0,0.0,13.9
2020-05-22T23:00,29.9,41,94,0,3,94,0.00,0.0,0.0,0.0,0.0,15.5
2020-05-23T00:00,29.0,48,67,0,2,66,0.00,0.0,0.0,0.0,0.0,18.9
2020-05-23T01:00,27.7,59,44,0,1,44,0.00,0.0,0.0,0.0,0.0,19.5
2020-05-23T02:00,26.7,69,9,0,1,8,0.00,0.0,0.0,0.0,0.0,21.0
2020-05-23T03:00,26.1,75,30,0,1,30,0.00,0.0,0.0,0.0,0.0,18.0
2020-05-23T04:00,25.9,76,4,0,0,4,0.00,0.0,0.0,0.0,0.0,15.0
2020-05-23T05:00,25.9,80,0,0,0,28,0.00,0.0,0.0,0.0,0.0,15.3
2020-05-23T06:00,26.3,78,5,0,0,5,0.00,18.0,5.0,13.0,53.5,16.6
2020-05-23T07:00,28.2,68,27,0,0,26,0.00,166.0,92.0,74.0,358.2,14.9
2020-05-23T08:00,30.8,55,35,0,0,35,0.00,385.0,272.0,113.0,565.6,13.4
2020-05-23T09:00,33.3,44,20,0,0,20,0.00,601.0,463.0,138.0,682.8,14.0
2020-05-23T10:00,35.3,37,33,0,0,33,0.00,784.0,629.0,155.0,753.2,13.2
2020-05-23T11:00,37.0,32,41,0,24,23,0.00,908.0,743.0,165.0,789.5,11.9
2020-05-23T12:00,38.1,26,31,0,31,0,0.00,885.0,705.0,180.0,712.9,7.8
2020-05-23T13:00,38.7,23,23,0,21,3,0.00,806.0,588.0,218.0,602.8,4.6
2020-05-23T14:00,39.2,20,31,0,31,0,0.00,742.0,551.0,191.0,611.3,4.7
2020-05-23T15:00,39.4,19,66,0,66,0,0.00,618.0,457.0,161.0,592.1,6.2
2020-05-23T16:00,39.1,19,100,0,100,0,0.00,394.0,256.0,138.0,429.7,9.3
2020-05-23T17:00,37.8,21,65,0,16,46,0.00,222.0,131.0,91.0,340.1,4.0
2020-05-23T18:00,35.2,27,41,0,39,9,0.00,63.0,25.0,38.0,156.3,5.9
2020-05-23T19:00,34.3,27,25,0,20,7,0.00,1.0,0.0,1.0,0.0,7.1
2020-05-23T20:00,33.4,30,27,0,26,2,0.00,0.0,0.0,0.0,0.0,11.4
2020-05-23T21:00,32.9,31,33,0,22,17,0.00,0.0,0.0,0.0,0.0,8.9
2020-05-23T22:00,31.7,38,39,0,19,27,0.00,0.0,0.0,0.0,0.0,16.6
2020-05-23T23:00,29.9,52,30,0,12,22,0.00,0.0,0.0,0.0,0.0,18.9
2020-05-24T00:00,28.8,63,18,0,8,11,0.00,0.0,0.0,0.0,0.0,18.3
2020-05-24T01:00,27.9,69,66,0,5,64,0.00,0.0,0.0,0.0,0.0,16.2
2020-05-24T02:00,27.1,75,59,0,6,56,0.00,0.0,0.0,0.0,0.0,13.5
2020-05-24T03:00,26.6,79,55,13,2,49,0.00,0.0,0.0,0.0,0.0,10.2
2020-05-24T04:00,26.2,80,46,3,1,44,0.00,0.0,0.0,0.0,0.0,12.2
2020-05-24T05:00,26.2,80,3,2,23,43,0.00,0.0,0.0,0.0,0.0,13.7
2020-05-24T06:00,26.6,76,10,1,8,2,0.00,15.0,3.0,12.0,32.0,16.2
2020-05-24T07:00,27.9,68,12,2,3,9,0.00,156.0,82.0,74.0,319.0,18.6
2020-05-24T08:00,30.3,56,21,1,1,19,0.00,372.0,256.0,116.0,532.4,18.3
2020-05-24T09:00,33.0,45,1,0,1,0,0.00,595.0,456.0,139.0,672.7,16.1
2020-05-24T10:00,35.3,36,0,0,0,0,0.00,778.0,622.0,156.0,745.2,13.8
2020-05-24T11:00,36.9,32,4,0,4,0,0.00,903.0,737.0,166.0,783.5,14.0
2020-05-24T12:00,37.9,29,62,0,62,0,0.00,934.0,759.0,175.0,767.8,11.4
2020-05-24T13:00,37.8,28,55,0,55,0,0.00,699.0,476.0,223.0,488.1,8.7
2020-05-24T14:00,37.9,26,71,0,71,0,0.00,582.0,357.0,225.0,396.1,6.6
2020-05-24T15:00,37.8,25,59,0,59,0,0.00,441.0,264.0,177.0,342.0,7.6
2020-05-24T16:00,37.6,25,78,0,70,29,0.00,312.0,184.0,128.0,308.6,7.2
2020-05-24T17:00,37.3,25,90,0,58,2,0.00,171.0,88.0,83.0,228.1,4.6
2020-05-24T18:00,35.2,29,51,0,51,0,0.00,56.0,21.0,35.0,131.0,4.7
2020-05-24T19:00,33.9,31,34,0,34,0,0.00,1.0,0.0,1.0,0.0,4.4
2020-05-24T20:00,33.1,36,34,0,34,0,0.00,0.0,0.0,0.0,0.0,10.0
2020-05-24T21:00,32.6,38,39,0,39,0,0.00,0.0,0.0,0.0,0.0,8.9
2020-05-24T22:00,32.2,39,52,0,26,36,0.00,0.0,0.0,0.0,0.0,14.5
2020-05-24T23:00,30.7,52,28,0,22,9,0.00,0.0,0.0,0.0,0.0,16.2
2020-05-25T00:00,29.6,61,31,0,17,18,0.00,0.0,0.0,0.0,0.0,16.4
2020-05-25T01:00,28.7,68,26,0,11,17,0.00,0.0,0.0,0.0,0.0,16.2
2020-05-25T02:00,27.9,73,3,0,3,0,0.00,0.0,0.0,0.0,0.0,13.0
2020-05-25T03:00,27.2,78,3,1,2,0,0.00,0.0,0.0,0.0,0.0,12.2
2020-05-25T04:00,26.6,81,6,6,1,0,0.00,0.0,0.0,0.0,0.0,12.2
2020-05-25T05:00,26.6,81,11,1,1,39,0.00,0.0,0.0,0.0,0.0,11.7
2020-05-25T06:00,26.8,79,35,1,0,35,0.00,18.0,4.0,14.0,42.7,14.7
2020-05-25T07:00,28.2,71,27,0,0,27,0.00,165.0,92.0,73.0,357.7,16.7
2020-05-25T08:00,30.4,60,61,0,0,61,0.00,382.0,269.0,113.0,559.6,15.9
2020-05-25T09:00,32.9,49,66,0,0,66,0.00,596.0,455.0,141.0,671.5,14.8
2020-05-25T10:00,35.0,41,76,0,0,76,0.00,771.0,611.0,160.0,732.4,14.2
2020-05-25T11:00,36.5,36,18,0,3,16,0.00,894.0,719.0,175.0,764.7,12.2
2020-05-25T12:00,37.7,32,21,0,16,6,0.00,931.0,752.0,179.0,761.0,9.8
2020-05-25T13:00,38.0,29,53,0,49,8,0.00,847.0,660.0,187.0,677.0,6.1
2020-05-25T14:00,38.0,28,29,0,27,3,0.00,651.0,431.0,220.0,478.3,6.5
2020-05-25T15:00,38.1,27,37,0,37,0,0.00,554.0,386.0,168.0,499.9,7.0
2020-05-25T16:00,37.7,27,33,0,33,0,0.00,366.0,240.0,126.0,402.2,6.6
2020-05-25T17:00,36.6,29,39,0,59,0,0.00,193.0,105.0,88.0,271.6,5.4
2020-05-25T18:00,36.1,31,42,0,42,0,0.00,55.0,20.0,35.0,124.4,1.8
2020-05-25T19:00,34.7,35,43,0,43,3,0.00,1.0,0.0,1.0,0.0,2.5
2020-05-25T20:00,33.4,39,42,0,40,10,0.00,0.0,0.0,0.0,0.0,7.6
2020-05-25T21:00,32.7,43,42,0,42,3,0.00,0.0,0.0,0.0,0.0,11.9
2020-05-25T22:00,32.2,44,32,0,32,0,0.00,0.0,0.0,0.0,0.0,8.4
2020-05-25T23:00,31.5,46,34,0,22,16,0.00,0.0,0.0,0.0,0.0,7.6
2020-05-26T00:00,30.9,48,59,0,20,50,0.00,0.0,0.0,0.0,0.0,8.6
2020-05-26T01:00,29.9,52,76,0,12,73,0.00,0.0,0.0,0.0,0.0,15.3
2020-05-26T02:00,28.9,59,79,0,10,77,0.00,0.0,0.0,0.0,0.0,10.2
2020-05-26T03:00,28.2,64,68,0,11,65,0.00,0.0,0.0,0.0,0.0,9.7
2020-05-26T04:00,27.4,76,16,2,10,6,0.00,0.0,0.0,0.0,0.0,14.0
2020-05-26T05:00,27.4,75,11,1,7,0,0.00,0.0,0.0,0.0,0.0,14.8
2020-05-26T06:00,27.6,77,5,3,3,0,0.00,17.0,4.0,13.0,42.6,17.0
2020-05-26T07:00,28.2,73,6,5,1,0,0.00,162.0,88.0,74.0,342.1,16.2
2020-05-26T08:00,30.2,63,1,1,0,0,0.00,378.0,263.0,115.0,547.3,15.1
2020-05-26T09:00,32.4,54,0,0,0,0,0.00,592.0,456.0,136.0,673.3,12.6
2020-05-26T10:00,34.4,46,2,1,0,0,0.00,782.0,633.0,149.0,759.1,10.6
2020-05-26T11:00,35.9,40,13,13,1,0,0.00,880.0,703.0,177.0,748.0,10.3
2020-05-26T12:00,37.1,36,23,6,22,0,0.00,933.0,747.0,186.0,756.2,10.0
2020-05-26T13:00,37.7,32,43,0,43,0,0.00,813.0,617.0,196.0,633.1,6.9
2020-05-26T14:00,37.5,32,30,0,30,0,0.00,634.0,380.0,254.0,421.7,5.9
2020-05-26T15:00,38.1,30,40,0,40,0,0.00,537.0,355.0,182.0,459.6,4.3
2020-05-26T16:00,37.7,30,40,0,39,3,0.00,398.0,268.0,130.0,448.8,5.0
2020-05-26T17:00,34.1,40,100,0,42,55,0.00,154.0,80.0,74.0,206.5,9.7
2020-05-26T18:00,32.7,48,34,0,24,19,0.00,58.0,18.0,40.0,111.7,7.7
2020-05-26T19:00,32.3,50,18,0,16,5,0.00,1.0,0.0,1.0,0.0,5.5
2020-05-26T20:00,31.8,52,17,0,16,3,0.00,0.0,0.0,0.0,0.0,6.1
2020-05-26T21:00,31.2,55,29,0,29,0,0.00,0.0,0.0,0.0,0.0,9.9
2020-05-26T22:00,30.6,57,33,0,33,0,0.00,0.0,0.0,0.0,0.0,13.5
2020-05-26T23:00,30.0,59,26,0,26,0,0.00,0.0,0.0,0.0,0.0,17.4
2020-05-27T00:00,29.0,63,56,0,20,45,0.00,0.0,0.0,0.0,0.0,15.8
2020-05-27T01:00,28.4,66,60,0,18,52,0.00,0.0,0.0,0.0,0.0,18.3
2020-05-27T02:00,28.0,69,14,0,14,0,0.00,0.0,0.0,0.0,0.0,17.3
2020-05-27T03:00,27.7,73,9,0,9,0,0.00,0.0,0.0,0.0,0.0,16.5
2020-05-27T04:00,27.3,75,7,0,6,1,0.00,0.0,0.0,0.0,0.0,15.3
2020-05-27T05:00,26.7,76,5,0,3,1,0.00,0.0,0.0,0.0,0.0,16.2
2020-05-27T06:00,26.6,76,4,0,2,2,0.00,18.0,4.0,14.0,42.6,16.3
2020-05-27T07:00,28.0,71,2,0,2,0,0.00,161.0,88.0,73.0,342.0,14.8
2020-05-27T08:00,30.5,60,1,0,1,0,0.00,375.0,262.0,113.0,545.4,13.8
2020-05-27T09:00,32.9,51,0,0,0,0,0.00,589.0,450.0,139.0,664.8,11.9
2020-05-27T10:00,34.8,44,2,2,1,0,0.00,768.0,612.0,156.0,734.3,12.3
2020-05-27T11:00,36.4,38,13,1,12,0,0.00,882.0,713.0,169.0,759.0,12.4
2020-05-27T12:00,37.3,35,22,0,22,0,0.00,889.0,705.0,184.0,714.0,12.8
2020-05-27T13:00,37.5,34,22,0,22,0,0.00,795.0,591.0,204.0,606.6,13.5
2020-05-27T14:00,37.2,34,23,0,23,0,0.00,702.0,491.0,211.0,544.9,10.7
2020-05-27T15:00,37.7,32,26,0,24,4,0.00,598.0,418.0,180.0,541.0,8.9
2020-05-27T16:00,37.8,32,32,0,32,0,0.00,427.0,287.0,140.0,480.2,8.4
2020-05-27T17:00,36.8,32,22,0,23,0,0.00,223.0,127.0,96.0,327.2,8.9
2020-05-27T18:00,35.8,34,51,0,51,3,0.00,68.0,29.0,39.0,179.4,8.4
2020-05-27T19:00,34.0,38,70,0,66,41,0.00,1.0,0.0,1.0,0.0,18.2
2020-05-27T20:00,31.5,50,57,0,42,39,0.00,0.0,0.0,0.0,0.0,20.2
2020-05-27T21:00,29.7,60,34,0,20,25,0.00,0.0,0.0,0.0,0.0,13.9
2020-05-27T22:00,29.3,62,18,0,16,10,0.00,0.0,0.0,0.0,0.0,13.7
2020-05-27T23:00,28.9,66,28,0,20,16,0.00,0.0,0.0,0.0,0.0,14.2
2020-05-28T00:00,28.8,69,65,0,13,60,0.00,0.0,0.0,0.0,0.0,14.3
2020-05-28T01:00,28.7,69,76,0,9,74,0.00,0.0,0.0,0.0,0.0,14.8
2020-05-28T02:00,28.0,72,75,0,1,75,0.00,0.0,0.0,0.0,0.0,15.8
2020-05-28T03:00,27.2,76,70,0,0,70,0.00,0.0,0.0,0.0,0.0,16.3
2020-05-28T04:00,26.6,77,69,0,0,68,0.00,0.0,0.0,0.0,0.0,18.6
2020-05-28T05:00,26.2,77,82,0,7,86,0.00,0.0,0.0,0.0,0.0,15.1
2020-05-28T06:00,26.3,76,86,1,3,86,0.00,18.0,4.0,14.0,42.6,17.3
2020-05-28T07:00,27.7,69,86,1,0,86,0.00,158.0,77.0,81.0,299.2,19.1
2020-05-28T08:00,30.0,58,82,0,1,82,0.00,377.0,254.0,123.0,528.9,18.4
2020-05-28T09:00,32.5,46,80,0,0,80,0.00,589.0,440.0,149.0,650.3,16.5
2020-05-28T10:00,34.7,39,77,0,0,77,0.00,774.0,615.0,159.0,738.3,15.3
2020-05-28T11:00,36.3,34,0,0,0,0,0.00,892.0,714.0,178.0,760.5,15.6
2020-05-28T12:00,37.7,30,2,0,2,0,0.00,963.0,797.0,166.0,807.5,15.3
2020-05-28T13:00,38.4,27,26,0,25,1,0.00,895.0,712.0,183.0,730.9,14.1
2020-05-28T14:00,38.5,25,36,0,35,1,0.00,695.0,512.0,183.0,568.2,10.9
2020-05-28T15:00,38.7,23,33,0,33,1,0.00,564.0,408.0,156.0,528.0,9.7
2020-05-28T16:00,38.6,22,39,0,39,0,0.00,398.0,266.0,132.0,444.7,10.6
2020-05-28T17:00,37.3,24,40,0,33,64,0.00,220.0,126.0,94.0,324.0,14.1
2020-05-28T18:00,35.7,27,42,0,24,25,0.00,77.0,32.0,45.0,197.4,11.6
2020-05-28T19:00,34.2,30,62,0,15,56,0.00,1.0,0.0,1.0,0.0,14.2
2020-05-28T20:00,33.4,31,84,0,17,81,0.00,0.0,0.0,0.0,0.0,16.8
2020-05-28T21:00,32.2,38,86,0,16,84,0.00,0.0,0.0,0.0,0.0,19.0
2020-05-28T22:00,31.6,44,71,0,14,66,0.00,0.0,0.0,0.0,0.0,23.0
2020-05-28T23:00,30.0,56,15,0,12,4,0.00,0.0,0.0,0.0,0.0,20.0
2020-05-29T00:00,29.0,65,42,0,13,33,0.00,0.0,0.0,0.0,0.0,17.7
2020-05-29T01:00,28.2,71,72,0,4,71,0.00,0.0,0.0,0.0,0.0,16.6
2020-05-29T02:00,27.6,75,34,0,1,33,0.00,0.0,0.0,0.0,0.0,17.4
2020-05-29T03:00,27.0,78,13,1,0,11,0.00,0.0,0.0,0.0,0.0,16.6
2020-05-29T04:00,26.4,80,3,2,0,1,0.00,0.0,0.0,0.0,0.0,17.1
2020-05-29T05:00,26.0,82,2,0,2,51,0.00,0.0,0.0,0.0,0.0,15.5
2020-05-29T06:00,26.2,80,85,1,1,85,0.00,18.0,4.0,14.0,42.6,15.6
2020-05-29T07:00,27.3,72,2,0,0,1,0.00,153.0,75.0,78.0,291.5,16.8
2020-05-29T08:00,29.5,62,9,0,0,9,0.00,381.0,270.0,111.0,562.5,17.8
2020-05-29T09:00,31.8,53,39,0,0,39,0.00,595.0,458.0,137.0,677.3,17.2
2020-05-29T10:00,33.7,46,68,0,0,68,0.00,771.0,612.0,159.0,735.1,15.6
2020-05-29T11:00,35.4,39,78,0,0,78,0.00,882.0,699.0,183.0,744.8,14.0
2020-05-29T12:00,36.8,34,80,0,2,79,0.00,947.0,765.0,182.0,775.4,12.4
2020-05-29T13:00,37.8,30,76,0,23,72,0.00,924.0,737.0,187.0,756.8,10.7
2020-05-29T14:00,37.7,28,90,0,26,89,0.00,684.0,445.0,239.0,493.9,9.1
2020-05-29T15:00,37.7,27,92,0,28,90,0.00,531.0,333.0,198.0,430.8,7.9
2020-05-29T16:00,37.4,27,88,0,27,86,0.00,366.0,216.0,150.0,360.8,6.2
2020-05-29T17:00,36.4,30,87,0,38,79,0.00,242.0,140.0,102.0,359.2,8.0
2020-05-29T18:00,34.9,34,63,0,44,39,0.00,65.0,24.0,41.0,147.7,10.4
2020-05-29T19:00,33.7,37,55,0,41,29,0.00,1.0,0.0,1.0,0.0,12.8
2020-05-29T20:00,32.9,40,56,0,51,14,0.00,0.0,0.0,0.0,0.0,20.2
2020-05-29T21:00,29.5,58,54,0,33,43,0.00,0.0,0.0,0.0,0.0,22.6
2020-05-29T22:00,28.5,64,55,0,54,12,0.00,0.0,0.0,0.0,0.0,20.6
2020-05-29T23:00,28.2,66,50,0,34,38,0.00,0.0,0.0,0.0,0.0,17.6
2020-05-30T00:00,28.0,66,31,0,17,19,0.00,0.0,0.0,0.0,0.0,17.1
2020-05-30T01:00,27.8,67,27,0,24,10,0.00,0.0,0.0,0.0,0.0,15.8
2020-05-30T02:00,27.5,69,29,0,20,13,0.00,0.0,0.0,0.0,0.0,16.1
2020-05-30T03:00,27.1,72,44,0,44,1,0.00,0.0,0.0,0.0,0.0,16.9
2020-05-30T04:00,26.8,75,41,0,41,1,0.00,0.0,0.0,0.0,0.0,13.6
2020-05-30T05:00,26.2,76,58,0,22,32,0.00,0.0,0.0,0.0,0.0,12.7
2020-05-30T06:00,26.3,77,64,0,21,60,0.00,15.0,3.0,12.0,31.9,13.7
2020-05-30T07:00,27.3,70,95,0,9,95,0.00,121.0,43.0,78.0,167.2,14.2
2020-05-30T08:00,28.7,64,100,0,4,100,0.00,258.0,96.0,162.0,200.1,14.0
2020-05-30T09:00,30.5,57,98,0,4,98,0.00,436.0,192.0,244.0,284.1,14.2
2020-05-30T10:00,32.4,49,100,0,1,100,0.00,656.0,395.0,261.0,474.7,13.4
2020-05-30T11:00,33.8,44,99,0,7,98,0.00,801.0,524.0,277.0,558.6,12.8
2020-05-30T12:00,35.0,41,49,0,9,47,0.00,911.0,668.0,243.0,677.3,12.9
2020-05-30T13:00,35.7,39,16,1,13,7,0.00,868.0,624.0,244.0,640.9,12.0
2020-05-30T14:00,36.2,37,34,0,33,3,0.00,796.0,619.0,177.0,687.0,11.3
2020-05-30T15:00,35.9,37,57,0,56,3,0.00,554.0,375.0,179.0,485.0,11.3
2020-05-30T16:00,34.6,40,55,0,50,23,0.00,379.0,222.0,157.0,370.5,10.4
2020-05-30T17:00,34.5,38,44,0,11,21,0.00,185.0,64.0,121.0,163.9,5.4
2020-05-30T18:00,32.8,47,12,0,7,6,0.00,85.0,38.0,47.0,233.2,4.1
2020-05-30T19:00,32.1,46,23,1,18,6,0.00,1.0,0.0,1.0,0.0,3.2
2020-05-30T20:00,31.4,47,17,8,13,6,0.00,0.0,0.0,0.0,0.0,9.1
2020-05-30T21:00,30.0,51,36,0,31,10,0.00,0.0,0.0,0.0,0.0,8.3
2020-05-30T22:00,29.3,54,28,1,22,11,0.00,0.0,0.0,0.0,0.0,8.0
2020-05-30T23:00,29.2,57,32,0,26,11,0.00,0.0,0.0,0.0,0.0,10.2
2020-05-31T00:00,28.5,62,32,0,29,7,0.00,0.0,0.0,0.0,0.0,12.8
2020-05-31T01:00,28.0,63,21,0,17,6,0.00,0.0,0.0,0.0,0.0,12.6
2020-05-31T02:00,27.6,64,28,0,9,22,0.00,0.0,0.0,0.0,0.0,12.1
2020-05-31T03:00,27.5,65,33,0,12,24,0.00,0.0,0.0,0.0,0.0,12.6
2020-05-31T04:00,27.3,66,31,0,23,11,0.00,0.0,0.0,0.0,0.0,11.4
2020-05-31T05:00,27.5,69,25,0,71,72,0.00,0.0,0.0,0.0,0.0,9.7
2020-05-31T06:00,27.6,71,92,0,60,89,0.00,8.0,1.0,7.0,10.6,7.8
2020-05-31T07:00,28.3,67,43,2,23,37,0.00,86.0,26.0,60.0,101.1,9.7
2020-05-31T08:00,29.5,62,75,1,42,64,0.00,234.0,106.0,128.0,221.1,8.0
2020-05-31T09:00,30.9,57,94,0,45,92,0.00,430.0,202.0,228.0,299.1,5.9
2020-05-31T10:00,32.4,51,100,1,77,100,0.00,597.0,290.0,307.0,348.7,3.9
2020-05-31T11:00,33.6,47,92,6,84,69,0.00,707.0,408.0,299.0,435.2,4.3
2020-05-31T12:00,34.2,44,56,7,47,28,0.00,611.0,304.0,307.0,308.3,6.1
2020-05-31T13:00,35.5,41,98,15,23,98,0.00,810.0,542.0,268.0,556.8,6.6
2020-05-31T14:00,35.9,39,98,18,13,98,0.00,698.0,382.0,316.0,424.0,7.8
2020-05-31T15:00,34.6,40,97,0,17,97,0.00,499.0,277.0,222.0,358.1,9.1
2020-05-31T16:00,34.9,38,99,7,51,99,0.00,301.0,137.0,164.0,228.5,7.7
2020-05-31T17:00,33.2,47,100,0,4,89,1.00,156.0,39.0,117.0,99.7,3.4
2020-05-31T18:00,32.4,52,91,0,3,91,0.00,78.0,25.0,53.0,153.0,2.5
2020-05-31T19:00,32.0,51,96,0,26,96,0.00,1.0,0.0,1.0,0.0,1.5
2020-05-31T20:00,30.6,57,94,2,43,92,0.00,0.0,0.0,0.0,0.0,4.1
2020-05-31T21:00,29.2,63,94,0,31,92,0.00,0.0,0.0,0.0,0.0,8.4
2020-05-31T22:00,27.7,72,94,0,34,92,0.20,0.0,0.0,0.0,0.0,10.7
2020-05-31T23:00,26.1,84,96,10,29,95,1.20,0.0,0.0,0.0,0.0,14.0
2020-06-01T00:00,25.8,85,96,3,17,95,0.10,0.0,0.0,0.0,0.0,14.4
2020-06-01T01:00,25.3,86,96,11,17,95,0.30,0.0,0.0,0.0,0.0,14.1
2020-06-01T02:00,24.2,88,96,0,9,96,1.60,0.0,0.0,0.0,0.0,15.8
2020-06-01T03:00,24.0,87,97,7,16,97,0.00,0.0,0.0,0.0,0.0,11.9
2020-06-01T04:00,24.1,86,98,13,9,98,0.00,0.0,0.0,0.0,0.0,9.4
2020-06-01T05:00,24.5,91,97,39,20,96,0.00,0.0,0.0,0.0,0.0,7.7
2020-06-01T06:00,24.9,88,94,2,12,94,0.00,11.0,1.0,10.0,10.7,4.8
2020-06-01T07:00,26.0,81,93,0,11,93,0.00,136.0,45.0,91.0,175.1,3.2
2020-06-01T08:00,28.0,69,95,20,11,95,0.00,345.0,196.0,149.0,409.1,4.1
2020-06-01T09:00,30.0,59,89,9,8,88,0.00,543.0,332.0,211.0,491.9,6.4
2020-06-01T10:00,31.7,52,83,8,6,82,0.00,689.0,443.0,246.0,533.0,6.4
2020-06-01T11:00,32.7,49,73,28,22,67,0.00,756.0,519.0,237.0,553.8,4.8
2020-06-01T12:00,33.5,47,31,17,22,13,0.10,822.0,564.0,258.0,572.3,2.9
2020-06-01T13:00,34.2,45,69,67,17,9,0.00,807.0,576.0,231.0,591.8,3.4
2020-06-01T14:00,34.7,43,68,31,65,7,0.00,723.0,517.0,206.0,573.8,5.1
2020-06-01T15:00,32.4,51,21,4,15,12,0.20,445.0,262.0,183.0,338.6,10.7
2020-06-01T16:00,32.6,50,45,15,20,38,0.00,401.0,248.0,153.0,413.3,5.6
2020-06-01T17:00,28.9,71,46,13,23,92,0.40,210.0,109.0,101.0,278.0,3.4
2020-06-01T18:00,27.9,80,98,3,71,96,4.70,61.0,12.0,49.0,73.3,7.7
2020-06-01T19:00,25.7,90,100,45,38,99,8.50,1.0,0.0,1.0,0.0,10.6
2020-06-01T20:00,25.6,93,100,6,10,100,0.30,0.0,0.0,0.0,0.0,8.7
2020-06-01T21:00,25.7,93,99,6,7,99,0.30,0.0,0.0,0.0,0.0,10.1
2020-06-01T22:00,25.6,90,100,7,16,100,0.20,0.0,0.0,0.0,0.0,8.8
2020-06-01T23:00,25.4,92,100,16,47,100,0.60,0.0,0.0,0.0,0.0,1.8
2020-06-02T00:00,25.0,94,100,17,22,100,0.10,0.0,0.0,0.0,0.0,2.8
2020-06-02T01:00,24.6,89,100,23,23,100,3.10,0.0,0.0,0.0,0.0,1.1
2020-06-02T02:00,24.2,93,100,0,15,100,0.50,0.0,0.0,0.0,0.0,4.7
2020-06-02T03:00,24.4,91,100,0,16,100,0.10,0.0,0.0,0.0,0.0,7.6
2020-06-02T04:00,24.4,88,100,0,29,100,0.00,0.0,0.0,0.0,0.0,8.5
2020-06-02T05:00,24.4,86,100,1,30,100,0.00,0.0,0.0,0.0,0.0,6.5
2020-06-02T06:00,25.0,82,100,0,11,100,0.00,13.0,0.0,13.0,0.0,6.1
2020-06-02T07:00,26.2,74,95,0,15,95,0.00,125.0,23.0,102.0,89.6,8.4
2020-06-02T08:00,27.8,66,95,0,9,94,0.00,313.0,141.0,172.0,294.5,11.3
2020-06-02T09:00,29.4,59,98,6,5,98,0.00,504.0,275.0,229.0,407.7,15.8
2020-06-02T10:00,31.3,51,94,0,0,95,0.00,710.0,465.0,245.0,559.8,14.7
2020-06-02T11:00,32.6,48,92,5,3,92,0.00,875.0,675.0,200.0,720.6,16.6
2020-06-02T12:00,33.9,44,95,5,15,94,0.00,914.0,727.0,187.0,737.9,18.1
2020-06-02T13:00,32.9,45,97,0,42,95,0.40,847.0,642.0,205.0,659.8,19.1
2020-06-02T14:00,32.2,48,95,1,70,92,0.30,656.0,411.0,245.0,456.2,15.3
2020-06-02T15:00,31.1,53,86,67,39,70,0.10,517.0,300.0,217.0,387.6,24.5
2020-06-02T16:00,30.9,53,57,0,32,48,0.00,356.0,191.0,165.0,318.0,19.1
2020-06-02T17:00,32.5,44,78,7,24,78,0.00,225.0,120.0,105.0,305.5,13.5
2020-06-02T18:00,30.8,50,80,14,25,74,0.00,68.0,26.0,42.0,158.0,13.4
2020-06-02T19:00,29.9,52,79,0,22,74,0.00,1.0,0.0,1.0,0.0,16.3
2020-06-02T20:00,28.8,57,84,0,13,83,0.00,0.0,0.0,0.0,0.0,10.5
2020-06-02T21:00,28.2,59,93,0,4,93,0.00,0.0,0.0,0.0,0.0,10.6
2020-06-02T22:00,27.7,61,95,0,9,95,0.00,0.0,0.0,0.0,0.0,14.8
2020-06-02T23:00,26.9,64,95,0,11,95,0.00,0.0,0.0,0.0,0.0,15.4
2020-06-03T00:00,26.1,68,96,0,24,95,0.00,0.0,0.0,0.0,0.0,14.0
2020-06-03T01:00,25.7,70,98,0,90,93,0.00,0.0,0.0,0.0,0.0,13.0
2020-06-03T02:00,25.6,70,98,0,86,90,0.00,0.0,0.0,0.0,0.0,12.8
2020-06-03T03:00,25.6,71,98,0,87,91,0.00,0.0,0.0,0.0,0.0,12.9
2020-06-03T04:00,25.5,70,99,0,92,91,0.00,0.0,0.0,0.0,0.0,13.4
2020-06-03T05:00,25.5,72,94,0,90,99,0.00,0.0,0.0,0.0,0.0,9.0
2020-06-03T06:00,25.8,71,98,0,87,97,0.00,8.0,0.0,8.0,0.0,10.8
2020-06-03T07:00,26.4,68,98,0,73,97,0.00,59.0,8.0,51.0,31.2,11.4
2020-06-03T08:00,27.2,66,91,1,41,91,0.00,165.0,35.0,130.0,73.2,13.1
2020-06-03T09:00,29.5,56,71,45,19,49,0.00,461.0,266.0,195.0,394.6,21.7
2020-06-03T10:00,31.0,50,70,3,59,37,0.00,660.0,416.0,244.0,501.1,19.9
2020-06-03T11:00,32.5,44,95,41,92,43,0.00,721.0,362.0,359.0,386.7,22.6
2020-06-03T12:00,32.6,43,91,44,91,5,0.00,610.0,172.0,438.0,174.6,22.6
2020-06-03T13:00,33.1,42,94,48,94,17,0.00,634.0,302.0,332.0,310.4,23.7
2020-06-03T14:00,32.7,43,92,0,38,91,0.00,604.0,278.0,326.0,308.5,24.2
2020-06-03T15:00,31.7,47,88,17,27,85,0.00,458.0,228.0,230.0,294.5,23.1
2020-06-03T16:00,30.6,51,78,1,6,78,0.00,244.0,107.0,137.0,178.0,21.4
2020-06-03T17:00,29.9,54,87,3,77,94,0.00,222.0,116.0,106.0,294.7,18.7
2020-06-03T18:00,29.4,55,94,0,49,90,0.00,45.0,3.0,42.0,18.1,16.7
2020-06-03T19:00,28.5,58,83,0,1,83,0.00,2.0,0.0,2.0,0.0,15.3
2020-06-03T20:00,27.8,60,96,0,1,96,0.00,0.0,0.0,0.0,0.0,16.8
2020-06-03T21:00,27.1,63,100,0,0,100,0.00,0.0,0.0,0.0,0.0,17.3
2020-06-03T22:00,26.6,65,99,0,0,99,0.00,0.0,0.0,0.0,0.0,17.1
2020-06-03T23:00,26.0,67,96,0,0,96,0.00,0.0,0.0,0.0,0.0,15.8
2020-06-04T00:00,25.4,71,95,0,2,95,0.00,0.0,0.0,0.0,0.0,14.8
2020-06-04T01:00,25.1,73,95,0,6,95,0.00,0.0,0.0,0.0,0.0,14.6
2020-06-04T02:00,24.8,75,98,0,5,98,0.00,0.0,0.0,0.0,0.0,16.6
2020-06-04T03:00,24.7,77,96,0,12,96,0.00,0.0,0.0,0.0,0.0,16.1
2020-06-04T04:00,24.6,79,93,0,32,91,0.00,0.0,0.0,0.0,0.0,15.5
2020-06-04T05:00,24.6,81,92,0,37,95,0.00,0.0,0.0,0.0,0.0,13.8
2020-06-04T06:00,25.2,79,100,2,100,94,0.10,11.0,1.0,10.0,10.7,13.5
2020-06-04T07:00,25.1,82,96,0,61,93,0.40,43.0,4.0,39.0,15.6,10.2
2020-06-04T08:00,26.4,74,92,0,53,88,0.00,199.0,62.0,137.0,129.7,12.5
2020-06-04T09:00,28.4,63,64,43,47,30,0.00,381.0,198.0,183.0,294.0,18.0
2020-06-04T10:00,30.1,57,48,18,14,38,0.00,517.0,259.0,258.0,312.2,17.6
2020-06-04T11:00,31.8,51,55,13,13,49,0.00,760.0,533.0,227.0,569.6,19.7
2020-06-04T12:00,32.3,48,88,3,4,88,0.00,843.0,580.0,263.0,589.1,19.1
2020-06-04T13:00,32.6,46,98,5,10,98,0.00,790.0,479.0,311.0,492.4,19.6
2020-06-04T14:00,33.0,45,98,6,17,98,0.00,745.0,445.0,300.0,493.8,18.9
2020-06-04T15:00,32.6,46,100,8,21,100,0.00,605.0,410.0,195.0,529.3,20.1
2020-06-04T16:00,32.5,45,98,8,18,97,0.10,462.0,285.0,177.0,473.6,21.5
2020-06-04T17:00,31.4,46,95,0,3,99,0.00,225.0,98.0,127.0,248.5,18.8
2020-06-04T18:00,29.9,52,97,0,2,97,0.00,87.0,32.0,55.0,192.0,14.8
2020-06-04T19:00,28.8,56,97,0,6,97,0.00,2.0,0.0,2.0,0.0,11.9
2020-06-04T20:00,28.1,60,98,0,10,98,0.00,0.0,0.0,0.0,0.0,11.9
2020-06-04T21:00,27.9,61,99,0,7,99,0.00,0.0,0.0,0.0,0.0,13.5
2020-06-04T22:00,27.5,63,90,0,4,90,0.00,0.0,0.0,0.0,0.0,13.1
2020-06-04T23:00,26.8,67,87,0,4,87,0.00,0.0,0.0,0.0,0.0,14.2
2020-06-05T00:00,26.1,70,89,0,3,89,0.00,0.0,0.0,0.0,0.0,13.9
2020-06-05T01:00,25.5,73,91,0,6,90,0.00,0.0,0.0,0.0,0.0,12.9
2020-06-05T02:00,25.1,76,94,0,4,94,0.00,0.0,0.0,0.0,0.0,13.0
2020-06-05T03:00,24.6,79,29,0,2,28,0.00,0.0,0.0,0.0,0.0,12.6
2020-06-05T04:00,24.2,82,18,0,1,17,0.00,0.0,0.0,0.0,0.0,12.0
2020-06-05T05:00,24.2,81,3,0,1,1,0.00,0.0,0.0,0.0,0.0,9.9
2020-06-05T06:00,24.8,78,1,0,1,0,0.00,18.0,4.0,14.0,42.8,10.8
2020-06-05T07:00,26.2,72,48,0,14,39,0.00,162.0,88.0,74.0,343.8,13.0
2020-06-05T08:00,27.9,63,69,0,17,63,0.00,348.0,227.0,121.0,475.4,15.0
2020-06-05T09:00,29.6,56,83,0,18,79,0.00,554.0,399.0,155.0,592.8,16.8
2020-06-05T10:00,30.8,52,85,13,14,82,0.10,731.0,567.0,164.0,683.8,18.4
2020-06-05T11:00,31.8,48,82,8,13,79,0.20,759.0,531.0,228.0,567.7,15.9
2020-06-05T12:00,33.0,44,81,8,27,78,0.30,885.0,675.0,210.0,685.8,15.3
2020-06-05T13:00,33.3,44,80,0,35,70,0.20,756.0,502.0,254.0,516.1,14.5
2020-06-05T14:00,33.5,43,94,28,26,91,0.10,692.0,481.0,211.0,533.7,15.1
2020-06-05T15:00,33.4,43,97,1,18,96,0.00,575.0,385.0,190.0,496.8,15.5
2020-06-05T16:00,33.0,43,99,3,18,99,0.00,417.0,229.0,188.0,380.2,17.4
2020-06-05T17:00,32.6,42,100,1,19,100,0.10,211.0,95.0,116.0,240.4,16.2
2020-06-05T18:00,30.9,48,100,14,39,100,0.10,77.0,21.0,56.0,125.2,16.0
2020-06-05T19:00,29.7,55,95,0,29,94,0.00,1.0,0.0,1.0,0.0,15.9
2020-06-05T20:00,29.0,59,94,1,26,93,0.00,0.0,0.0,0.0,0.0,13.6
2020-06-05T21:00,28.4,62,94,0,16,93,0.00,0.0,0.0,0.0,0.0,15.0
2020-06-05T22:00,27.9,64,92,0,9,92,0.00,0.0,0.0,0.0,0.0,12.6
2020-06-05T23:00,27.2,67,94,0,8,94,0.00,0.0,0.0,0.0,0.0,11.3
2020-06-06T00:00,26.6,69,92,0,8,91,0.00,0.0,0.0,0.0,0.0,14.4
2020-06-06T01:00,25.8,72,92,0,7,92,0.00,0.0,0.0,0.0,0.0,16.4
2020-06-06T02:00,25.2,76,96,0,6,96,0.00,0.0,0.0,0.0,0.0,15.4
2020-06-06T03:00,24.7,79,95,3,6,95,0.00,0.0,0.0,0.0,0.0,14.1
2020-06-06T04:00,24.5,80,94,4,6,94,0.00,0.0,0.0,0.0,0.0,15.2
2020-06-06T05:00,24.3,80,97,2,5,96,0.00,0.0,0.0,0.0,0.0,14.0
2020-06-06T06:00,24.8,78,96,4,7,96,0.00,17.0,2.0,15.0,21.4,13.4
2020-06-06T07:00,26.1,72,95,2,2,94,0.00,156.0,76.0,80.0,297.4,14.4
2020-06-06T08:00,28.0,64,95,2,1,95,0.00,338.0,203.0,135.0,425.6,13.6
2020-06-06T09:00,29.7,57,95,11,20,95,0.00,544.0,331.0,213.0,492.2,15.8
2020-06-06T10:00,31.1,50,93,12,17,92,0.00,677.0,439.0,238.0,529.8,15.2
2020-06-06T11:00,32.0,47,91,5,25,88,0.10,769.0,544.0,225.0,581.9,14.6
2020-06-06T12:00,33.2,44,23,9,21,2,0.20,864.0,656.0,208.0,666.7,14.0
2020-06-06T13:00,33.9,41,35,0,31,7,0.00,806.0,581.0,225.0,597.4,13.5
2020-06-06T14:00,33.8,40,33,0,30,5,0.00,721.0,521.0,200.0,578.0,14.5
2020-06-06T15:00,34.0,39,41,9,29,17,0.00,574.0,370.0,204.0,477.3,15.8
2020-06-06T16:00,33.4,40,61,8,53,18,0.00,407.0,258.0,149.0,427.9,16.6
2020-06-06T17:00,31.4,50,95,0,56,72,0.00,205.0,100.0,105.0,252.5,15.8
2020-06-06T18:00,31.2,50,89,1,44,81,0.00,64.0,23.0,41.0,136.3,12.4
2020-06-06T19:00,30.9,47,76,2,44,59,0.00,1.0,0.0,1.0,0.0,14.4
2020-06-06T20:00,28.9,56,83,14,38,73,0.00,0.0,0.0,0.0,0.0,18.9
2020-06-06T21:00,28.1,63,98,0,38,97,0.00,0.0,0.0,0.0,0.0,16.1
2020-06-06T22:00,27.9,64,99,0,35,98,0.00,0.0,0.0,0.0,0.0,17.9
2020-06-06T23:00,27.0,68,99,0,29,99,0.00,0.0,0.0,0.0,0.0,20.0
2020-06-07T00:00,26.1,71,100,0,24,100,0.00,0.0,0.0,0.0,0.0,19.6
2020-06-07T01:00,25.4,74,100,0,19,100,0.00,0.0,0.0,0.0,0.0,18.8
2020-06-07T02:00,24.9,75,97,0,19,97,0.00,0.0,0.0,0.0,0.0,18.5
2020-06-07T03:00,24.4,78,98,0,5,98,0.00,0.0,0.0,0.0,0.0,18.2
2020-06-07T04:00,24.1,80,98,0,2,98,0.00,0.0,0.0,0.0,0.0,17.1
2020-06-07T05:00,24.1,80,93,0,11,1,0.00,0.0,0.0,0.0,0.0,13.0
2020-06-07T06:00,24.6,78,27,0,13,18,0.00,17.0,4.0,13.0,43.0,11.5
2020-06-07T07:00,25.9,72,98,0,10,98,0.00,157.0,81.0,76.0,317.5,14.4
2020-06-07T08:00,27.6,64,94,3,14,93,0.00,360.0,227.0,133.0,476.4,16.2
2020-06-07T09:00,29.4,55,11,9,4,1,0.00,575.0,411.0,164.0,611.7,19.5
2020-06-07T10:00,30.9,48,85,4,8,84,0.00,689.0,509.0,180.0,614.7,19.9
2020-06-07T11:00,32.3,43,100,3,15,100,0.00,805.0,614.0,191.0,657.1,19.2
2020-06-07T12:00,33.4,39,100,5,17,100,0.00,892.0,678.0,214.0,689.3,18.6
2020-06-07T13:00,34.2,37,88,9,30,83,0.00,841.0,572.0,269.0,588.2,17.7
2020-06-07T14:00,34.6,37,91,16,39,85,0.00,749.0,495.0,254.0,549.1,18.8
2020-06-07T15:00,33.2,40,98,0,49,96,0.00,494.0,275.0,219.0,354.5,22.3
2020-06-07T16:00,32.4,41,99,0,61,99,0.00,404.0,216.0,188.0,357.9,21.6
2020-06-07T17:00,32.1,40,95,0,53,98,0.00,190.0,68.0,122.0,171.3,22.3
2020-06-07T18:00,30.3,50,100,1,90,98,0.00,60.0,22.0,38.0,129.5,20.6
2020-06-07T19:00,30.1,50,99,0,89,96,0.00,1.0,0.0,1.0,0.0,16.6
2020-06-07T20:00,29.3,53,99,0,69,98,0.00,0.0,0.0,0.0,0.0,19.1
2020-06-07T21:00,28.5,54,97,0,29,96,0.00,0.0,0.0,0.0,0.0,18.4
2020-06-07T22:00,27.7,57,98,0,16,97,0.00,0.0,0.0,0.0,0.0,16.6
2020-06-07T23:00,27.3,60,93,0,18,92,0.00,0.0,0.0,0.0,0.0,17.7
2020-06-08T00:00,26.6,65,86,0,27,83,0.00,0.0,0.0,0.0,0.0,17.7
2020-06-08T01:00,26.1,68,89,0,29,86,0.00,0.0,0.0,0.0,0.0,18.5
2020-06-08T02:00,25.6,71,82,0,11,81,0.00,0.0,0.0,0.0,0.0,19.8
2020-06-08T03:00,25.0,74,73,0,1,73,0.00,0.0,0.0,0.0,0.0,20.0
2020-06-08T04:00,24.5,77,35,0,1,35,0.00,0.0,0.0,0.0,0.0,18.8
2020-06-08T05:00,24.5,77,43,1,31,90,0.00,0.0,0.0,0.0,0.0,18.4
2020-06-08T06:00,25.1,76,93,1,38,91,0.00,15.0,3.0,12.0,32.3,17.5
2020-06-08T07:00,26.3,68,73,1,17,69,0.00,133.0,52.0,81.0,204.2,19.0
2020-06-08T08:00,28.0,61,23,0,8,19,0.00,329.0,186.0,143.0,390.9,18.7
2020-06-08T09:00,29.9,52,30,0,1,30,0.00,554.0,391.0,163.0,582.5,18.9
2020-06-08T10:00,31.8,45,18,4,11,14,0.00,759.0,592.0,167.0,715.4,18.9
2020-06-08T11:00,33.1,40,21,3,9,17,0.00,833.0,649.0,184.0,694.9,18.5
2020-06-08T12:00,34.1,36,53,15,8,48,0.00,868.0,659.0,209.0,670.1,18.3
2020-06-08T13:00,35.0,34,42,0,16,36,0.00,879.0,687.0,192.0,706.6,16.9
2020-06-08T14:00,35.3,32,94,0,9,94,0.00,793.0,581.0,212.0,644.4,17.1
2020-06-08T15:00,35.2,32,95,0,10,95,0.00,684.0,500.0,184.0,644.3,16.9
2020-06-08T16:00,34.6,32,97,0,17,97,0.00,450.0,290.0,160.0,479.9,20.1
2020-06-08T17:00,33.8,32,96,0,6,94,0.00,245.0,123.0,122.0,309.2,19.0
2020-06-08T18:00,32.4,37,97,0,6,97,0.00,89.0,32.0,57.0,187.2,18.2
2020-06-08T19:00,31.2,42,99,0,5,99,0.00,2.0,0.0,2.0,0.0,15.5
2020-06-08T20:00,30.6,45,95,0,4,95,0.00,0.0,0.0,0.0,0.0,18.1
2020-06-08T21:00,29.6,50,90,0,4,90,0.00,0.0,0.0,0.0,0.0,19.2
2020-06-08T22:00,28.9,54,89,0,4,89,0.00,0.0,0.0,0.0,0.0,18.0
2020-06-08T23:00,28.1,59,58,0,3,57,0.00,0.0,0.0,0.0,0.0,18.4
2020-06-09T00:00,27.2,64,41,0,5,39,0.00,0.0,0.0,0.0,0.0,17.0
2020-06-09T01:00,26.3,69,41,0,3,40,0.00,0.0,0.0,0.0,0.0,17.7
2020-06-09T02:00,25.5,72,32,0,2,31,0.00,0.0,0.0,0.0,0.0,18.1
2020-06-09T03:00,24.9,75,72,0,2,71,0.00,0.0,0.0,0.0,0.0,18.4
2020-06-09T04:00,24.5,77,61,3,2,60,0.00,0.0,0.0,0.0,0.0,18.0
2020-06-09T05:00,24.4,79,84,2,3,92,0.00,0.0,0.0,0.0,0.0,16.9
2020-06-09T06:00,24.7,78,77,7,3,75,0.00,16.0,2.0,14.0,21.6,18.8
2020-06-09T07:00,25.9,72,67,3,2,66,0.00,145.0,52.0,93.0,204.7,19.5
2020-06-09T08:00,27.9,62,87,2,2,87,0.00,357.0,222.0,135.0,467.1,19.2
2020-06-09T09:00,29.8,54,89,1,1,89,0.00,562.0,387.0,175.0,577.0,18.8
2020-06-09T10:00,31.7,46,91,4,1,91,0.00,726.0,491.0,235.0,593.7,18.2
2020-06-09T11:00,33.3,40,87,12,8,85,0.00,864.0,624.0,240.0,668.4,17.6
2020-06-09T12:00,34.1,37,98,2,18,98,0.00,884.0,652.0,232.0,663.2,18.4
2020-06-09T13:00,34.2,36,100,0,21,100,0.10,762.0,411.0,351.0,422.7,17.7
2020-06-09T14:00,34.7,35,100,0,13,100,0.10,718.0,402.0,316.0,445.8,17.4
2020-06-09T15:00,34.9,34,99,0,10,99,0.00,577.0,312.0,265.0,401.8,17.4
2020-06-09T16:00,34.1,36,48,0,11,43,0.00,440.0,261.0,179.0,431.5,18.2
2020-06-09T17:00,33.2,39,50,1,19,93,0.00,286.0,178.0,108.0,446.4,18.2
2020-06-09T18:00,32.0,43,97,0,16,97,0.00,77.0,19.0,58.0,110.5,18.4
2020-06-09T19:00,30.3,53,54,0,5,52,0.00,2.0,0.0,2.0,0.0,18.9
2020-06-09T20:00,29.7,55,77,0,5,76,0.00,0.0,0.0,0.0,0.0,18.9
2020-06-09T21:00,29.5,55,100,0,4,100,0.00,0.0,0.0,0.0,0.0,19.5
2020-06-09T22:00,28.9,57,100,0,3,100,0.00,0.0,0.0,0.0,0.0,20.5
2020-06-09T23:00,27.7,63,98,0,0,98,0.10,0.0,0.0,0.0,0.0,20.2
2020-06-10T00:00,27.1,65,98,0,1,98,0.00,0.0,0.0,0.0,0.0,20.2
2020-06-10T01:00,26.5,69,96,1,6,97,0.00,0.0,0.0,0.0,0.0,19.4
2020-06-10T02:00,26.0,72,95,4,11,94,0.00,0.0,0.0,0.0,0.0,19.5
2020-06-10T03:00,25.4,76,99,4,11,99,0.00,0.0,0.0,0.0,0.0,19.9
2020-06-10T04:00,25.1,77,96,2,11,96,0.00,0.0,0.0,0.0,0.0,19.2
2020-06-10T05:00,25.5,76,97,5,12,99,0.00,0.0,0.0,0.0,0.0,15.9
2020-06-10T06:00,25.8,75,98,9,24,98,0.00,13.0,1.0,12.0,10.8,15.5
2020-06-10T07:00,26.4,73,100,5,40,99,0.10,79.0,5.0,74.0,19.7,16.3
2020-06-10T08:00,27.4,68,99,7,58,99,0.00,170.0,19.0,151.0,40.0,17.7
2020-06-10T09:00,28.6,61,100,2,63,100,0.00,258.0,27.0,231.0,40.3,17.5
2020-06-10T10:00,29.8,55,100,4,31,100,0.00,321.0,42.0,279.0,50.8,17.3
2020-06-10T11:00,31.6,47,100,4,2,100,0.00,503.0,122.0,381.0,130.7,17.6
2020-06-10T12:00,33.5,42,100,10,12,100,0.00,718.0,336.0,382.0,341.9,18.0
2020-06-10T13:00,34.4,39,100,18,91,100,0.00,707.0,353.0,354.0,363.1,16.4
2020-06-10T14:00,33.8,40,100,92,88,100,0.00,325.0,57.0,268.0,63.2,14.8
2020-06-10T15:00,31.8,46,100,10,64,100,0.10,259.0,44.0,215.0,56.6,20.5
2020-06-10T16:00,32.2,44,100,1,28,100,0.00,199.0,32.0,167.0,52.8,15.5
2020-06-10T17:00,30.0,56,100,16,80,100,0.00,185.0,40.0,145.0,100.1,21.2
2020-06-10T18:00,28.2,67,100,9,69,100,0.10,21.0,0.0,21.0,0.0,18.2
2020-06-10T19:00,26.2,83,99,35,35,99,2.30,1.0,0.0,1.0,0.0,19.1
2020-06-10T20:00,25.2,85,100,0,75,100,1.70,0.0,0.0,0.0,0.0,17.2
2020-06-10T21:00,25.0,88,100,1,82,99,1.70,0.0,0.0,0.0,0.0,17.6
2020-06-10T22:00,24.7,89,100,0,78,100,2.60,0.0,0.0,0.0,0.0,17.6
2020-06-10T23:00,24.3,89,100,0,100,100,2.70,0.0,0.0,0.0,0.0,18.2
2020-06-11T00:00,24.0,89,100,0,83,100,2.10,0.0,0.0,0.0,0.0,21.6
2020-06-11T01:00,23.7,90,100,0,99,100,0.70,0.0,0.0,0.0,0.0,26.1
2020-06-11T02:00,23.9,88,100,0,98,100,0.30,0.0,0.0,0.0,0.0,23.4
2020-06-11T03:00,23.6,91,100,0,78,100,0.70,0.0,0.0,0.0,0.0,22.0
2020-06-11T04:00,23.5,91,100,0,99,100,1.50,0.0,0.0,0.0,0.0,22.4
2020-06-11T05:00,23.4,90,100,2,3,100,1.80,0.0,0.0,0.0,0.0,19.2
2020-06-11T06:00,23.5,91,100,0,85,100,0.80,5.0,0.0,5.0,0.0,19.5
2020-06-11T07:00,23.7,91,100,0,97,100,0.50,51.0,1.0,50.0,4.0,18.8
2020-06-11T08:00,24.3,86,100,1,81,100,0.40,107.0,0.0,107.0,0.0,19.8
2020-06-11T09:00,25.6,78,100,0,35,100,0.20,266.0,16.0,250.0,23.9,20.9
2020-06-11T10:00,27.2,68,100,31,37,100,0.00,369.0,43.0,326.0,52.1,25.5
2020-06-11T11:00,27.9,65,100,7,16,100,0.00,355.0,38.0,317.0,40.7,22.9
2020-06-11T12:00,28.9,59,100,4,21,100,0.10,496.0,72.0,424.0,73.3,23.0
2020-06-11T13:00,28.8,59,100,3,100,100,0.10,444.0,49.0,395.0,50.4,22.9
2020-06-11T14:00,28.5,60,100,5,100,100,0.20,319.0,7.0,312.0,7.8,20.6
2020-06-11T15:00,28.6,60,100,8,100,100,0.20,290.0,14.0,276.0,18.0,21.0
2020-06-11T16:00,26.6,72,100,0,100,100,0.50,177.0,3.0,174.0,4.9,20.2
2020-06-11T17:00,26.0,75,100,3,99,100,0.70,48.0,0.0,48.0,0.0,18.0
2020-06-11T18:00,25.1,79,100,0,100,100,0.20,23.0,0.0,23.0,0.0,19.0
2020-06-11T19:00,24.1,89,100,0,100,100,0.60,1.0,0.0,1.0,0.0,17.3
2020-06-11T20:00,23.7,89,100,2,100,100,1.10,0.0,0.0,0.0,0.0,18.1
2020-06-11T21:00,23.5,90,100,0,99,100,1.00,0.0,0.0,0.0,0.0,19.7
2020-06-11T22:00,23.3,90,100,0,97,100,0.70,0.0,0.0,0.0,0.0,21.2
2020-06-11T23:00,23.3,87,100,0,98,100,0.30,0.0,0.0,0.0,0.0,22.3
2020-06-12T00:00,23.4,86,100,0,99,100,0.10,0.0,0.0,0.0,0.0,22.1
2020-06-12T01:00,23.4,85,44,0,42,20,0.00,0.0,0.0,0.0,0.0,21.1
2020-06-12T02:00,23.6,84,99,0,97,93,0.00,0.0,0.0,0.0,0.0,23.2
2020-06-12T03:00,23.7,81,95,0,62,93,0.00,0.0,0.0,0.0,0.0,23.6
2020-06-12T04:00,23.8,80,98,0,60,97,0.00,0.0,0.0,0.0,0.0,22.5
2020-06-12T05:00,23.5,85,99,0,100,100,0.00,0.0,0.0,0.0,0.0,18.2
2020-06-12T06:00,23.6,85,97,0,93,92,0.70,4.0,0.0,4.0,0.0,20.8
2020-06-12T07:00,24.0,85,95,0,67,95,0.30,47.0,1.0,46.0,4.0,21.8
2020-06-12T08:00,24.6,82,100,0,100,99,1.10,102.0,14.0,88.0,29.6,20.2
2020-06-12T09:00,24.9,80,100,0,100,97,0.10,108.0,0.0,108.0,0.0,19.4
2020-06-12T10:00,26.6,69,100,1,100,94,0.00,218.0,0.0,218.0,0.0,23.7
2020-06-12T11:00,28.7,57,100,54,99,96,0.00,286.0,12.0,274.0,12.9,25.5
2020-06-12T12:00,30.3,50,100,15,99,98,0.00,452.0,110.0,342.0,112.0,27.0
2020-06-12T13:00,29.5,54,99,28,98,94,0.00,377.0,120.0,257.0,123.4,27.2
2020-06-12T14:00,30.2,49,98,0,97,88,0.00,350.0,77.0,273.0,85.3,26.3
2020-06-12T15:00,30.3,49,98,6,95,76,0.00,356.0,102.0,254.0,131.1,27.0
2020-06-12T16:00,29.9,48,94,3,74,86,0.00,279.0,82.0,197.0,135.1,28.0
2020-06-12T17:00,28.2,55,100,1,100,96,0.00,191.0,58.0,133.0,144.5,17.3
2020-06-12T18:00,28.0,56,96,0,94,69,0.00,26.0,0.0,26.0,0.0,21.2
2020-06-12T19:00,27.4,59,95,0,39,94,0.00,1.0,0.0,1.0,0.0,19.4
2020-06-12T20:00,26.7,62,95,0,20,94,0.00,0.0,0.0,0.0,0.0,19.5
2020-06-12T21:00,26.0,65,99,0,0,99,0.00,0.0,0.0,0.0,0.0,19.9
2020-06-12T22:00,25.4,69,85,0,4,84,0.00,0.0,0.0,0.0,0.0,20.2
2020-06-12T23:00,25.0,72,91,0,7,91,0.00,0.0,0.0,0.0,0.0,19.7
2020-06-13T00:00,24.7,75,99,0,20,98,0.00,0.0,0.0,0.0,0.0,18.4
2020-06-13T01:00,24.6,76,100,0,41,100,0.00,0.0,0.0,0.0,0.0,18.4
2020-06-13T02:00,24.7,76,100,0,81,100,0.00,0.0,0.0,0.0,0.0,18.8
2020-06-13T03:00,24.8,75,100,0,93,100,0.00,0.0,0.0,0.0,0.0,19.6
2020-06-13T04:00,24.7,74,100,0,81,100,0.00,0.0,0.0,0.0,0.0,19.9
2020-06-13T05:00,24.5,74,100,0,72,100,0.00,0.0,0.0,0.0,0.0,14.8
2020-06-13T06:00,24.8,73,100,0,17,100,0.00,13.0,1.0,12.0,10.9,14.0
2020-06-13T07:00,25.8,70,100,22,28,100,0.00,130.0,35.0,95.0,139.1,16.0
2020-06-13T08:00,27.4,63,100,0,0,100,0.00,328.0,186.0,142.0,393.6,21.0
2020-06-13T09:00,29.6,54,100,67,0,99,0.00,568.0,394.0,174.0,589.8,26.0
2020-06-13T10:00,31.0,46,99,54,3,98,0.00,597.0,350.0,247.0,424.4,26.3
2020-06-13T11:00,32.6,41,98,36,57,97,0.00,803.0,536.0,267.0,575.2,26.3
2020-06-13T12:00,33.5,38,100,22,100,98,0.00,800.0,509.0,291.0,518.3,27.9
2020-06-13T13:00,33.4,38,99,0,86,98,0.00,489.0,118.0,371.0,121.4,25.5
2020-06-13T14:00,33.1,41,100,1,100,96,0.10,598.0,320.0,278.0,354.5,26.8
2020-06-13T15:00,31.8,47,29,0,19,14,0.00,454.0,229.0,225.0,294.2,23.4
2020-06-13T16:00,31.8,48,75,7,33,63,0.00,449.0,308.0,141.0,506.8,25.7
2020-06-13T17:00,30.2,53,83,0,11,73,0.20,243.0,135.0,108.0,335.6,22.3
2020-06-13T18:00,29.7,54,73,0,22,70,0.00,92.0,39.0,53.0,221.3,19.1
2020-06-13T19:00,28.6,59,91,0,37,87,0.00,2.0,0.0,2.0,0.0,19.0
2020-06-13T20:00,27.6,63,93,0,55,86,0.00,0.0,0.0,0.0,0.0,19.3
2020-06-13T21:00,27.0,65,94,0,75,83,0.00,0.0,0.0,0.0,0.0,19.5
2020-06-13T22:00,26.4,69,41,0,37,7,0.00,0.0,0.0,0.0,0.0,19.3
2020-06-13T23:00,25.9,73,90,0,76,83,0.00,0.0,0.0,0.0,0.0,18.5
2020-06-14T00:00,25.5,75,90,0,15,89,0.00,0.0,0.0,0.0,0.0,17.7
2020-06-14T01:00,25.1,77,92,0,9,92,0.00,0.0,0.0,0.0,0.0,18.8
2020-06-14T02:00,25.0,76,92,0,10,91,0.00,0.0,0.0,0.0,0.0,20.4
2020-06-14T03:00,24.7,77,92,0,11,91,0.00,0.0,0.0,0.0,0.0,19.8
2020-06-14T04:00,24.6,77,94,0,3,94,0.00,0.0,0.0,0.0,0.0,20.0
2020-06-14T05:00,24.9,77,83,0,25,92,0.00,0.0,0.0,0.0,0.0,17.6
2020-06-14T06:00,25.3,75,100,0,100,89,0.00,13.0,2.0,11.0,22.0,15.7
2020-06-14T07:00,26.5,71,100,2,99,87,0.00,105.0,28.0,77.0,111.6,17.0
2020-06-14T08:00,27.4,68,93,0,67,89,0.00,179.0,14.0,165.0,29.7,21.1
2020-06-14T09:00,29.8,58,86,12,34,84,0.00,427.0,165.0,262.0,247.2,27.7
2020-06-14T10:00,31.1,53,100,100,14,85,0.00,526.0,220.0,306.0,266.9,29.7
2020-06-14T11:00,31.3,52,91,2,12,90,0.00,496.0,166.0,330.0,178.2,25.7
2020-06-14T12:00,33.5,46,98,9,4,98,0.00,859.0,621.0,238.0,632.4,25.5
2020-06-14T13:00,33.9,47,96,38,21,95,0.00,829.0,550.0,279.0,565.7,21.9
2020-06-14T14:00,34.1,45,96,22,35,94,0.00,703.0,402.0,301.0,445.2,25.5
2020-06-14T15:00,32.0,50,93,25,34,91,0.10,496.0,259.0,237.0,332.5,25.2
2020-06-14T16:00,32.1,48,93,1,17,91,0.00,401.0,190.0,211.0,312.3,23.6
2020-06-14T17:00,31.8,47,98,3,12,99,0.00,231.0,103.0,128.0,255.5,25.1
2020-06-14T18:00,30.3,54,97,1,15,96,0.00,92.0,34.0,58.0,191.9,21.6
2020-06-14T19:00,29.3,58,99,0,16,99,0.00,3.0,0.0,3.0,0.0,20.8
2020-06-14T20:00,28.1,64,99,0,15,99,0.00,0.0,0.0,0.0,0.0,20.4
2020-06-14T21:00,27.2,68,100,0,10,100,0.00,0.0,0.0,0.0,0.0,19.7
2020-06-14T22:00,26.7,71,98,0,8,98,0.00,0.0,0.0,0.0,0.0,19.7
2020-06-14T23:00,26.2,73,99,0,16,99,0.00,0.0,0.0,0.0,0.0,19.7
2020-06-15T00:00,25.9,75,97,0,13,97,0.00,0.0,0.0,0.0,0.0,19.5
2020-06-15T01:00,25.6,76,98,0,7,98,0.00,0.0,0.0,0.0,0.0,19.7
2020-06-15T02:00,25.4,76,98,0,6,98,0.00,0.0,0.0,0.0,0.0,19.4
2020-06-15T03:00,25.4,77,98,0,18,98,0.00,0.0,0.0,0.0,0.0,18.5
2020-06-15T04:00,25.4,77,96,1,21,95,0.00,0.0,0.0,0.0,0.0,18.7
2020-06-15T05:00,25.3,78,93,3,30,89,0.00,0.0,0.0,0.0,0.0,17.9
2020-06-15T06:00,25.9,76,92,0,24,91,0.00,15.0,3.0,12.0,33.1,16.5
2020-06-15T07:00,27.1,71,91,0,23,88,0.00,141.0,63.0,78.0,251.9,19.3
2020-06-15T08:00,28.4,64,96,14,22,95,0.00,303.0,169.0,134.0,358.7,23.5
2020-06-15T09:00,29.4,60,99,62,30,97,0.00,407.0,221.0,186.0,331.5,24.7
2020-06-15T10:00,30.9,51,99,85,28,98,0.00,467.0,184.0,283.0,223.4,28.2
2020-06-15T11:00,31.4,49,99,49,5,99,0.00,517.0,122.0,395.0,131.0,29.6
2020-06-15T12:00,33.1,44,99,15,16,99,0.00,706.0,291.0,415.0,296.4,28.3
2020-06-15T13:00,33.2,44,99,3,19,99,0.00,693.0,282.0,411.0,290.1,27.6
2020-06-15T14:00,33.5,43,100,4,18,100,0.00,646.0,253.0,393.0,280.1,26.1
2020-06-15T15:00,32.3,47,99,2,26,99,0.00,475.0,196.0,279.0,251.5,25.4
2020-06-15T16:00,31.8,49,98,0,19,98,0.00,296.0,118.0,178.0,193.7,24.6
2020-06-15T17:00,31.9,47,98,2,9,99,0.00,231.0,72.0,159.0,178.2,21.8
2020-06-15T18:00,30.6,52,98,15,22,98,0.00,81.0,16.0,65.0,89.8,19.1
2020-06-15T19:00,29.5,56,97,6,24,96,0.00,2.0,0.0,2.0,0.0,18.8
2020-06-15T20:00,28.8,59,98,0,20,98,0.00,0.0,0.0,0.0,0.0,18.6
2020-06-15T21:00,27.9,64,98,0,8,97,0.00,0.0,0.0,0.0,0.0,17.4
2020-06-15T22:00,27.3,67,98,0,19,97,0.00,0.0,0.0,0.0,0.0,16.9
2020-06-15T23:00,26.9,68,99,0,24,98,0.00,0.0,0.0,0.0,0.0,17.9
2020-06-16T00:00,26.4,70,100,0,1,100,0.00,0.0,0.0,0.0,0.0,17.7
2020-06-16T01:00,25.9,72,100,0,11,100,0.00,0.0,0.0,0.0,0.0,15.4
2020-06-16T02:00,25.7,73,100,0,39,100,0.00,0.0,0.0,0.0,0.0,16.5
2020-06-16T03:00,25.5,74,100,0,15,100,0.00,0.0,0.0,0.0,0.0,17.7
2020-06-16T04:00,25.3,75,99,0,19,99,0.00,0.0,0.0,0.0,0.0,17.7
2020-06-16T05:00,25.6,73,100,0,100,100,0.00,0.0,0.0,0.0,0.0,16.9
2020-06-16T06:00,26.2,72,100,0,100,100,0.00,9.0,0.0,9.0,0.0,15.1
2020-06-16T07:00,26.6,71,100,0,100,99,0.00,42.0,0.0,42.0,0.0,15.5
2020-06-16T08:00,27.4,67,100,0,94,100,0.00,104.0,0.0,104.0,0.0,18.7
2020-06-16T09:00,29.6,56,100,25,3,100,0.00,344.0,77.0,267.0,115.6,26.0
2020-06-16T10:00,31.1,51,100,19,7,100,0.00,548.0,195.0,353.0,236.9,26.5
2020-06-16T11:00,32.3,46,100,68,15,100,0.00,616.0,222.0,394.0,238.5,27.0
2020-06-16T12:00,32.7,44,100,8,18,100,0.00,510.0,147.0,363.0,149.8,25.7
2020-06-16T13:00,32.6,45,100,15,32,100,0.00,573.0,165.0,408.0,169.7,25.8
2020-06-16T14:00,32.1,48,100,9,28,100,0.00,480.0,104.0,376.0,115.1,25.0
2020-06-16T15:00,31.7,48,100,29,34,100,0.00,398.0,101.0,297.0,129.5,25.2
2020-06-16T16:00,31.5,48,100,0,8,100,0.00,310.0,81.0,229.0,132.8,24.7
2020-06-16T17:00,30.9,48,100,2,38,100,0.00,164.0,19.0,145.0,46.9,21.5
2020-06-16T18:00,30.0,52,100,0,29,100,0.00,58.0,4.0,54.0,22.3,18.4
2020-06-16T19:00,29.0,56,100,3,16,100,0.00,2.0,0.0,2.0,0.0,15.8
2020-06-16T20:00,28.4,60,99,1,19,99,0.00,0.0,0.0,0.0,0.0,15.7
2020-06-16T21:00,27.8,62,96,0,35,95,0.00,0.0,0.0,0.0,0.0,16.5
2020-06-16T22:00,27.0,65,98,0,69,97,0.00,0.0,0.0,0.0,0.0,16.4
2020-06-16T23:00,26.7,67,100,0,66,99,0.00,0.0,0.0,0.0,0.0,16.6
2020-06-17T00:00,26.2,69,99,0,45,99,0.00,0.0,0.0,0.0,0.0,15.6
2020-06-17T01:00,25.9,71,99,0,58,98,0.00,0.0,0.0,0.0,0.0,15.6
2020-06-17T02:00,25.5,73,99,0,21,99,0.00,0.0,0.0,0.0,0.0,16.1
2020-06-17T03:00,25.3,73,99,0,9,99,0.00,0.0,0.0,0.0,0.0,16.8
2020-06-17T04:00,25.1,75,100,0,10,100,0.00,0.0,0.0,0.0,0.0,14.9
2020-06-17T05:00,25.3,73,100,0,22,100,0.00,0.0,0.0,0.0,0.0,14.0
2020-06-17T06:00,25.9,71,100,0,73,100,0.00,9.0,0.0,9.0,0.0,13.9
2020-06-17T07:00,26.1,71,100,1,96,100,0.00,45.0,0.0,45.0,0.0,13.9
2020-06-17T08:00,26.5,70,100,0,99,100,0.00,82.0,0.0,82.0,0.0,15.2
2020-06-17T09:00,27.1,68,100,0,99,100,0.00,130.0,2.0,128.0,3.0,16.3
2020-06-17T10:00,28.2,60,100,0,81,100,0.00,237.0,15.0,222.0,18.2,18.7
2020-06-17T11:00,31.0,49,100,93,35,100,0.00,564.0,185.0,379.0,198.9,25.0
2020-06-17T12:00,31.7,49,100,3,60,100,0.00,533.0,163.0,370.0,166.1,20.8
2020-06-17T13:00,31.5,48,100,22,96,100,0.10,562.0,214.0,348.0,220.1,31.9
2020-06-17T14:00,30.6,52,100,0,42,100,0.00,294.0,41.0,253.0,45.4,24.7
2020-06-17T15:00,31.7,50,100,4,47,100,0.00,416.0,143.0,273.0,183.2,23.2
2020-06-17T16:00,31.1,47,100,0,26,100,0.00,280.0,84.0,196.0,137.6,24.7
2020-06-17T17:00,30.3,53,100,14,38,100,0.00,221.0,76.0,145.0,187.3,19.4
2020-06-17T18:00,29.3,57,100,3,36,100,0.00,65.0,9.0,56.0,50.0,19.1
2020-06-17T19:00,28.2,63,100,11,33,100,0.00,2.0,0.0,2.0,0.0,16.8
2020-06-17T20:00,27.5,65,100,0,12,100,0.00,0.0,0.0,0.0,0.0,14.7
2020-06-17T21:00,26.8,68,80,0,3,80,0.00,0.0,0.0,0.0,0.0,15.4
2020-06-17T22:00,26.0,71,100,0,2,100,0.00,0.0,0.0,0.0,0.0,14.5
2020-06-17T23:00,25.6,73,98,0,4,98,0.00,0.0,0.0,0.0,0.0,15.8
